cohort_month,months_since_first_order,cohort_customers,active_customers,retention_rate,revenue,cumulative_revenue_per_customer
2019-01-01,0,4,4,1.0,259.0,64.75
2019-01-01,9,4,1,0.25,24.989999771118164,70.99749994277954
2019-01-01,28,4,1,0.25,49.950000762939446,83.4850001335144
2019-01-01,35,4,1,0.25,286.0,154.9850001335144
2019-01-01,42,4,1,0.25,3.5,155.8600001335144
2019-01-01,43,4,1,0.25,31.989999771118164,163.85750007629395
2019-01-01,50,4,1,0.25,16.0,167.85750007629395
2019-01-01,57,4,1,0.25,172.4699993133545,210.97499990463257
2019-01-01,69,4,1,0.25,25.0,217.22499990463257
2019-02-01,0,10,10,1.0,434.75000190734863,43.47500019073486
2019-02-01,18,10,1,0.1,31.950000762939453,46.67000026702881
2019-02-01,59,10,1,0.1,10.75,47.74500026702881
2019-02-01,61,10,1,0.1,30.34999942779541,50.78000020980835
2019-02-01,62,10,1,0.1,32.0,53.98000020980835
2019-02-01,63,10,1,0.1,65.16999816894531,60.49700002670288
2019-02-01,88,10,1,0.1,101.95000076293945,70.69200010299683
2019-03-01,0,23,23,1.0,2304.350001335144,100.18913049283235
2019-03-01,2,23,1,0.043478260869565216,40.0,101.92826092761496
2019-03-01,9,23,1,0.043478260869565216,9.039999961853027,102.32130440421726
2019-03-01,20,23,1,0.043478260869565216,34.0,103.79956527378248
2019-03-01,22,23,1,0.043478260869565216,65.0,106.62565223030423
2019-03-01,32,23,1,0.043478260869565216,104.41999816894531,111.16565215069315
2019-03-01,39,23,1,0.043478260869565216,188.0900001525879,119.34347824428393
2019-03-01,45,23,1,0.043478260869565216,32.0,120.73478259211001
2019-03-01,46,23,1,0.043478260869565216,12.0,121.25652172254479
2019-03-01,48,23,1,0.043478260869565216,127.48999786376952,126.79956510792609
2019-03-01,51,23,1,0.043478260869565216,56.0,129.23434771662173
2019-03-01,63,23,1,0.043478260869565216,33.5,130.69086945575216
2019-03-01,65,23,1,0.043478260869565216,58.799999237060554,133.2473911617113
2019-03-01,67,23,1,0.043478260869565216,89.0,137.11695637910262
2019-03-01,69,23,2,0.08695652173913043,198.4000015258789,145.74304340196693
2019-03-01,70,23,1,0.043478260869565216,126.2300033569336,151.23130441748577
2019-03-01,71,23,1,0.043478260869565216,299.95001220703125,164.27260929605237
2019-03-01,76,23,1,0.043478260869565216,84.6500015258789,167.95304414500362
2019-03-01,81,23,1,0.043478260869565216,19.989999771118164,168.82217456983483
2019-03-01,88,23,1,0.043478260869565216,118.56999969482422,173.97739194787067
2019-03-01,89,23,1,0.043478260869565216,135.0,179.84695716526198
2019-04-01,0,38,38,1.0,3047.360023498535,80.19368482890881
2019-04-01,2,38,1,0.02631578947368421,46.0,81.4042111446983
2019-04-01,6,38,1,0.02631578947368421,24.0,82.03579009206672
2019-04-01,7,38,1,0.02631578947368421,57.0,83.53579009206672
2019-04-01,9,38,1,0.02631578947368421,25.0,84.19368482890881
2019-04-01,10,38,1,0.02631578947368421,36.0,85.14105324996144
2019-04-01,16,38,1,0.02631578947368421,153.92000198364258,89.19157961795204
2019-04-01,18,38,1,0.02631578947368421,199.0,94.42842172321521
2019-04-01,22,38,1,0.02631578947368421,41.950000762939446,95.5323691117136
2019-04-01,23,38,1,0.02631578947368421,9.550000190734863,95.78368490620663
2019-04-01,25,38,1,0.02631578947368421,48.0,97.04684280094348
2019-04-01,34,38,1,0.02631578947368421,12.989999771118164,97.38868490018342
2019-04-01,35,38,1,0.02631578947368421,216.0,103.07289542649922
2019-04-01,40,38,1,0.02631578947368421,150.0,107.02026384755185
2019-04-01,42,38,1,0.02631578947368421,11.949999809265137,107.33473752674304
2019-04-01,44,38,1,0.02631578947368421,84.9800033569336,109.57105340455708
2019-04-01,47,38,1,0.02631578947368421,24.989999771118164,110.22868497748124
2019-04-01,48,38,3,0.07894736842105263,67.46999835968018,112.0042112501044
2019-04-01,50,38,1,0.02631578947368421,19.989999771118164,112.53026387566014
2019-04-01,56,38,1,0.02631578947368421,105.0,115.29342177039699
2019-04-01,62,38,1,0.02631578947368421,151.98999977111816,119.29315860647904
2019-04-01,64,38,3,0.07894736842105263,235.22999954223633,125.48342175232737
2019-04-01,65,38,1,0.02631578947368421,24.0,126.11500069969578
2019-04-01,71,38,1,0.02631578947368421,14.210000038146973,126.48894806912071
2019-04-01,72,38,2,0.05263157894736842,360.5499973297119,135.9771058935868
2019-04-01,73,38,1,0.02631578947368421,39.9900016784668,137.0294743588096
2019-04-01,78,38,2,0.05263157894736842,237.93999862670896,143.29105327003882
2019-04-01,86,38,2,0.05263157894736842,147.45000076293945,147.17131644801088
2019-04-01,87,38,1,0.02631578947368421,24.950000762939453,147.82789541545668
2019-04-01,88,38,1,0.02631578947368421,78.75,149.9002638365093
2019-05-01,0,44,44,1.0,3869.3200130462646,87.93909120559692
2019-05-01,6,44,1,0.022727272727272728,25.0,88.50727302377874
2019-05-01,7,44,3,0.06818181818181818,254.69000148773193,94.29568214849992
2019-05-01,12,44,1,0.022727272727272728,14.970000267028809,94.63590942729603
2019-05-01,13,44,1,0.022727272727272728,38.0,95.4995457909324
2019-05-01,14,44,1,0.022727272727272728,35.4900016784668,96.30613673817028
2019-05-01,17,44,1,0.022727272727272728,79.0,98.10159128362483
2019-05-01,18,44,1,0.022727272727272728,28.989999771118164,98.76045491478659
2019-05-01,29,44,1,0.022727272727272728,21.0,99.23772764205933
2019-05-01,36,44,1,0.022727272727272728,38.9900016784668,100.12386404384266
2019-05-01,38,44,1,0.022727272727272728,96.20999908447266,102.31045493212613
2019-05-01,40,44,1,0.022727272727272728,52.94999885559082,103.51386399702592
2019-05-01,41,44,2,0.045454545454545456,121.95000076293945,106.28545492345637
2019-05-01,43,44,1,0.022727272727272728,11.989999771118164,106.55795491825451
2019-05-01,44,44,1,0.022727272727272728,502.97999000549316,117.98931832747026
2019-05-01,47,44,1,0.022727272727272728,278.5,124.31886378201571
2019-05-01,53,44,1,0.022727272727272728,28.0,124.95522741837935
2019-05-01,54,44,2,0.045454545454545456,127.98999977111816,127.86409104954113
2019-05-01,57,44,1,0.022727272727272728,64.0,129.31863650408658
2019-05-01,58,44,1,0.022727272727272728,24.0,129.86409104954112
2019-05-01,71,44,1,0.022727272727272728,85.0,131.7959092313593
2019-05-01,73,44,1,0.022727272727272728,32.0,132.52318195863202
2019-05-01,76,44,1,0.022727272727272728,124.89999771118161,135.3618182702498
2019-05-01,79,44,1,0.022727272727272728,29.989999771118164,136.04340917413884
2019-05-01,82,44,1,0.022727272727272728,24.46999931335449,136.59954552216962
2019-05-01,87,44,1,0.022727272727272728,44.5,137.61090915853327
2019-06-01,0,52,52,1.0,4762.6900062561035,91.59019242800198
2019-06-01,5,52,1,0.019230769230769232,89.94999694824217,93.32000006162204
2019-06-01,11,52,1,0.019230769230769232,37.900001525878906,94.04884624481201
2019-06-01,13,52,1,0.019230769230769232,68.61000061035156,95.36826933347263
2019-06-01,14,52,1,0.019230769230769232,123.90999984741211,97.75115394592285
2019-06-01,17,52,2,0.038461538461538464,70.44000244140625,99.10576937748836
2019-06-01,21,52,1,0.019230769230769232,16.950000762939453,99.43173093062181
2019-06-01,23,52,2,0.038461538461538464,301.9599952697754,105.23865391657903
2019-06-01,24,52,1,0.019230769230769232,13.449999809265137,105.4973077590649
2019-06-01,25,52,1,0.019230769230769232,59.7400016784668,106.64615394518925
2019-06-01,27,52,3,0.057692307692307696,542.9299926757812,117.08711534280043
2019-06-01,28,52,1,0.019230769230769232,208.6000061035156,121.0986539217142
2019-06-01,29,52,1,0.019230769230769232,22.489999771118164,121.53115391731262
2019-06-01,32,52,1,0.019230769230769232,47.9900016784668,122.45403856497545
2019-06-01,35,52,1,0.019230769230769232,77.54999732971191,123.94538466746991
2019-06-01,37,52,1,0.019230769230769232,25.0,124.42615389823914
2019-06-01,42,52,1,0.019230769230769232,196.98999786376953,128.214423087927
2019-06-01,45,52,2,0.038461538461538464,79.85000038146973,129.7500000183399
2019-06-01,47,52,1,0.019230769230769232,24.950000762939453,130.2298077253195
2019-06-01,49,52,1,0.019230769230769232,89.94000053405762,131.95942312020523
2019-06-01,56,52,1,0.019230769230769232,77.0,133.44019235097446
2019-06-01,61,52,1,0.019230769230769232,65.0999984741211,134.6921153985537
2019-06-01,66,52,1,0.019230769230769232,22.0,135.11519232163062
2019-06-01,67,52,2,0.038461538461538464,84.9399995803833,136.7486538520226
2019-06-01,68,52,2,0.038461538461538464,713.9899997711182,150.47923077069797
2019-06-01,70,52,1,0.019230769230769232,44.9900016784668,151.3444231106685
2019-06-01,79,52,1,0.019230769230769232,9.260000228881838,151.52250003814697
2019-06-01,80,52,1,0.019230769230769232,276.5,156.83980773045465
2019-07-01,0,65,65,1.0,6086.600031852722,93.64000049004188
2019-07-01,3,65,1,0.015384615384615385,108.96999931335449,95.31646201793964
2019-07-01,4,65,2,0.03076923076923077,204.92000007629395,98.46907740372878
2019-07-01,7,65,1,0.015384615384615385,12.989999771118164,98.66892355405368
2019-07-01,8,65,1,0.015384615384615385,73.0,99.7920004771306
2019-07-01,9,65,2,0.03076923076923077,170.26000022888184,102.41138509603647
2019-07-01,11,65,1,0.015384615384615385,120.98000144958496,104.27261588756855
2019-07-01,12,65,2,0.03076923076923077,57.07000160217285,105.15061591221736
2019-07-01,16,65,1,0.015384615384615385,169.9000015258789,107.76446208953857
2019-07-01,27,65,1,0.015384615384615385,27.090000152587887,108.18123132265531
2019-07-01,30,65,2,0.03076923076923077,144.0,110.39661593803993
2019-07-01,33,65,1,0.015384615384615385,114.9799976348877,112.16553897857666
2019-07-01,35,65,2,0.03076923076923077,58.45000076293945,113.06476975954496
2019-07-01,41,65,3,0.046153846153846156,319.97999572753906,117.98753892458402
2019-07-01,42,65,1,0.015384615384615385,416.1900005340576,124.39046200972336
2019-07-01,43,65,1,0.015384615384615385,52.880001068115234,125.20400048769437
2019-07-01,46,65,2,0.03076923076923077,38.94000053405762,125.80307741898757
2019-07-01,47,65,1,0.015384615384615385,225.5,129.27230818821835
2019-07-01,49,65,1,0.015384615384615385,32.9900016784668,129.77984667557936
2019-07-01,50,65,1,0.015384615384615385,20.0,130.08753898327168
2019-07-01,51,65,2,0.03076923076923077,179.5,132.84907744481012
2019-07-01,54,65,1,0.015384615384615385,84.98999786376953,134.1566158734835
2019-07-01,55,65,1,0.015384615384615385,10.970000267028809,134.32538510836088
2019-07-01,56,65,1,0.015384615384615385,191.63000106811523,137.27353897094727
2019-07-01,59,65,1,0.015384615384615385,24.0,137.64276974017804
2019-07-01,65,65,1,0.015384615384615385,77.9900016784668,138.84261591984676
2019-07-01,67,65,2,0.03076923076923077,187.9499969482422,141.7341543344351
2019-07-01,68,65,1,0.015384615384615385,176.95999717712402,144.45661582946778
2019-07-01,70,65,2,0.03076923076923077,231.96999740600586,148.0253850203294
2019-07-01,73,65,2,0.03076923076923077,467.5999984741211,155.2192311507005
2019-07-01,75,65,1,0.015384615384615385,15.949999809265137,155.46461576315073
2019-07-01,76,65,1,0.015384615384615385,26.459999084472656,155.87169267214261
2019-07-01,78,65,1,0.015384615384615385,903.0,169.7640003644503
2019-07-01,80,65,2,0.03076923076923077,296.9700050354004,174.33276967268725
2019-07-01,84,65,1,0.015384615384615385,89.98999786376953,175.7172311782837
2019-08-01,0,74,74,1.0,6320.4800062179565,85.41189197591834
2019-08-01,1,74,1,0.013513513513513514,12.0,85.5740541380805
2019-08-01,2,74,2,0.02702702702702703,84.94000244140625,86.7218920089103
2019-08-01,5,74,1,0.013513513513513514,14.899999618530272,86.92324335510666
2019-08-01,8,74,1,0.013513513513513514,50.9900016784668,87.6122974318427
2019-08-01,13,74,2,0.02702702702702703,177.5999984741211,90.01229741122272
2019-08-01,17,74,2,0.02702702702702703,139.08999824523926,91.89189198210433
2019-08-01,21,74,2,0.02702702702702703,139.35000038146973,93.77500009536743
2019-08-01,22,74,3,0.04054054054054054,179.9699993133545,96.20702711311546
2019-08-01,24,74,3,0.04054054054054054,143.46999740600586,98.14581086184528
2019-08-01,25,74,1,0.013513513513513514,123.36000061035155,99.81283789712029
2019-08-01,26,74,1,0.013513513513513514,84.94999694824217,100.9608108288533
2019-08-01,27,74,1,0.013513513513513514,23.399999618530273,101.27702703991451
2019-08-01,28,74,1,0.013513513513513514,139.63999938964844,103.16405405869355
2019-08-01,29,74,1,0.013513513513513514,229.98999977111816,106.27202702857353
2019-08-01,32,74,1,0.013513513513513514,142.3900032043457,108.19621626106468
2019-08-01,34,74,2,0.02702702702702703,87.95000076293945,109.3847297848882
2019-08-01,35,74,1,0.013513513513513514,99.97999954223633,110.73581085978327
2019-08-01,36,74,1,0.013513513513513514,12.0,110.89797302194543
2019-08-01,37,74,1,0.013513513513513514,196.0,113.54662167059409
2019-08-01,38,74,1,0.013513513513513514,8.989999771118164,113.66810815398757
2019-08-01,41,74,1,0.013513513513513514,58.0,114.45189193777136
2019-08-01,43,74,1,0.013513513513513514,17.579999923706055,114.68945950430793
2019-08-01,48,74,1,0.013513513513513514,33.38000011444092,115.1405405869355
2019-08-01,49,74,1,0.013513513513513514,90.63000106811523,116.36527033109923
2019-08-01,51,74,1,0.013513513513513514,149.0,118.37878384461274
2019-08-01,52,74,3,0.04054054054054054,393.45999908447266,123.69581085926778
2019-08-01,56,74,2,0.02702702702702703,56.97999954223633,124.46581085308178
2019-08-01,57,74,2,0.02702702702702703,476.16000747680664,130.9004055487143
2019-08-01,60,74,1,0.013513513513513514,379.49000549316406,136.02864886618949
2019-08-01,62,74,2,0.02702702702702703,249.0,139.39351373105436
2019-08-01,63,74,1,0.013513513513513514,38.94000053405762,139.91972995448756
2019-08-01,64,74,1,0.013513513513513514,10.989999771118164,140.06824346490808
2019-08-01,67,74,2,0.02702702702702703,120.57999801635742,141.69770289756156
2019-08-01,68,74,3,0.04054054054054054,112.94000053405762,143.22391912099476
2019-08-01,71,74,1,0.013513513513513514,114.94999694824217,144.77729745813318
2019-08-01,72,74,1,0.013513513513513514,139.98999786376953,146.66905418602195
2019-08-01,73,74,1,0.013513513513513514,59.950000762939446,147.4791893314671
2019-08-01,74,74,2,0.02702702702702703,93.930002450943,148.74851368891225
2019-08-01,75,74,2,0.02702702702702703,100.03000068664551,150.100270454948
2019-08-01,77,74,1,0.013513513513513514,104.98999786376953,151.5190542098638
2019-08-01,78,74,1,0.013513513513513514,155.09000301361084,153.6148650613991
2019-08-01,80,74,2,0.02702702702702703,802.9900054931641,164.46608135184727
2019-08-01,83,74,2,0.02702702702702703,64.94000053405762,165.34364892663183
2019-08-01,84,74,1,0.013513513513513514,95.47000122070312,166.63378407826295
2019-09-01,0,90,90,1.0,7992.929996967316,88.81033329963684
2019-09-01,1,90,1,0.011111111111111112,60.9900016784668,89.48799998495313
2019-09-01,2,90,1,0.011111111111111112,49.5,90.03799998495313
2019-09-01,3,90,1,0.011111111111111112,329.989990234375,93.70455543200175
2019-09-01,4,90,1,0.011111111111111112,270.4700050354004,96.70977771017286
2019-09-01,5,90,1,0.011111111111111112,66.48999977111816,97.44855548540751
2019-09-01,9,90,1,0.011111111111111112,158.5,99.20966659651862
2019-09-01,13,90,1,0.011111111111111112,266.8400058746338,102.17455555068122
2019-09-01,14,90,1,0.011111111111111112,119.5,103.502333328459
2019-09-01,16,90,1,0.011111111111111112,16.979999542236328,103.6909999900394
2019-09-01,19,90,1,0.011111111111111112,12.06999969482422,103.82511109775967
2019-09-01,20,90,1,0.011111111111111112,170.0,105.71399998664856
2019-09-01,21,90,1,0.011111111111111112,90.88000106811523,106.72377777629428
2019-09-01,22,90,1,0.011111111111111112,34.0,107.10155555407206
2019-09-01,24,90,2,0.022222222222222223,270.0,110.10155555407206
2019-09-01,25,90,1,0.011111111111111112,11.800000190734863,110.23266666730245
2019-09-01,26,90,2,0.022222222222222223,407.57999992370605,114.7613333331214
2019-09-01,28,90,2,0.022222222222222223,135.5,116.26688888867696
2019-09-01,29,90,2,0.022222222222222223,30.11999893188476,116.60155554347568
2019-09-01,30,90,1,0.011111111111111112,125.0,117.99044443236457
2019-09-01,33,90,1,0.011111111111111112,109.98999786376952,119.21255551973978
2019-09-01,37,90,1,0.011111111111111112,68.6500015258789,119.97533331447177
2019-09-01,46,90,3,0.03333333333333333,45.97999954223633,120.4862221982744
2019-09-01,47,90,2,0.022222222222222223,54.97999954223633,121.09711108207702
2019-09-01,48,90,1,0.011111111111111112,29.950000762939453,121.42988886833191
2019-09-01,49,90,3,0.03333333333333333,132.98999977111816,122.90755553245545
2019-09-01,51,90,1,0.011111111111111112,20.0,123.12977775467766
2019-09-01,54,90,2,0.022222222222222223,128.18999862670898,124.5541110727522
2019-09-01,55,90,1,0.011111111111111112,84.0,125.48744440608554
2019-09-01,56,90,1,0.011111111111111112,74.5,126.31522218386333
2019-09-01,57,90,3,0.03333333333333333,425.54000091552734,131.04344441625807
2019-09-01,59,90,1,0.011111111111111112,77.3799991607666,131.90322218471104
2019-09-01,63,90,1,0.011111111111111112,50.19000053405762,132.46088885731166
2019-09-01,66,90,1,0.011111111111111112,35.33000183105469,132.85344443321227
2019-09-01,69,90,1,0.011111111111111112,79.5,133.7367777665456
2019-09-01,73,90,1,0.011111111111111112,59.9900016784668,134.4033333407508
2019-09-01,74,90,1,0.011111111111111112,12.090000152587892,134.53766667577955
2019-09-01,76,90,3,0.03333333333333333,314.3700008392334,138.03066668510436
2019-09-01,79,90,1,0.011111111111111112,79.98999786376953,138.91944443914625
2019-09-01,80,90,1,0.011111111111111112,26.979999542236328,139.21922221183777
2019-09-01,82,90,1,0.011111111111111112,65.52000045776367,139.94722221692402
2019-09-01,83,90,3,0.03333333333333333,124.7299976348877,141.3331110795339
2019-10-01,0,111,111,1.0,8962.339991569519,80.74180172585152
2019-10-01,2,111,3,0.02702702702702703,396.0,84.3093692934191
2019-10-01,7,111,1,0.009009009009009009,79.94999694824217,85.02963953619604
2019-10-01,8,111,1,0.009009009009009009,64.80000305175781,85.61342334747314
2019-10-01,10,111,1,0.009009009009009009,162.45000076293945,87.07693686785998
2019-10-01,11,111,3,0.02702702702702703,541.9500007629395,91.95936930716574
2019-10-01,12,111,1,0.009009009009009009,39.97999954223633,92.31954948322193
2019-10-01,15,111,1,0.009009009009009009,12.5,92.43216209583454
2019-10-01,16,111,2,0.018018018018018018,196.6300048828125,94.20360358126528
2019-10-01,17,111,4,0.036036036036036036,309.6399955749512,96.99315309094953
2019-10-01,18,111,1,0.009009009009009009,62.0,97.55171164950809
2019-10-01,19,111,3,0.02702702702702703,332.439998626709,100.54666659209106
2019-10-01,20,111,1,0.009009009009009009,101.97999954223633,101.46540532670579
2019-10-01,21,111,1,0.009009009009009009,72.0,102.11405397535444
2019-10-01,23,111,1,0.009009009009009009,21.989999771118164,102.31216208140056
2019-10-01,24,111,1,0.009009009009009009,115.0,103.3481981174366
2019-10-01,26,111,1,0.009009009009009009,150.5,104.70405397329245
2019-10-01,28,111,3,0.02702702702702703,317.5,107.5644143336528
2019-10-01,29,111,1,0.009009009009009009,25.0,107.78963955887804
2019-10-01,30,111,1,0.009009009009009009,14.0,107.91576568500416
2019-10-01,31,111,2,0.018018018018018018,166.12999725341797,109.41243232692685
2019-10-01,32,111,2,0.018018018018018018,216.1300048828125,111.35954948803327
2019-10-01,34,111,1,0.009009009009009009,24.989999771118164,111.58468462110639
2019-10-01,35,111,2,0.018018018018018018,47.489999771118164,112.01252245688224
2019-10-01,36,111,2,0.018018018018018018,159.97999954223633,113.4537837140195
2019-10-01,37,111,3,0.02702702702702703,137.97000312805176,114.69675671517312
2019-10-01,39,111,1,0.009009009009009009,19.989999771118164,114.87684680320122
2019-10-01,40,111,1,0.009009009009009009,87.15999794006348,115.66207200986845
2019-10-01,41,111,1,0.009009009009009009,62.4900016784668,116.22504499796274
2019-10-01,43,111,2,0.018018018018018018,376.5,119.61693688985464
2019-10-01,45,111,1,0.009009009009009009,16.780000686645508,119.7681080672118
2019-10-01,46,111,1,0.009009009009009009,29.149999618530277,120.03072067638776
2019-10-01,48,111,1,0.009009009009009009,10.880000114440918,120.12873869543677
2019-10-01,49,111,1,0.009009009009009009,42.25,120.5093693260674
2019-10-01,50,111,1,0.009009009009009009,49.9900016784668,120.95972970154908
2019-10-01,51,111,1,0.009009009009009009,251.34999465942383,123.2241440678502
2019-10-01,52,111,2,0.018018018018018018,229.98999786376953,125.29612603058686
2019-10-01,53,111,2,0.018018018018018018,39.989999771118164,125.65639629879513
2019-10-01,55,111,2,0.018018018018018018,579.4799880981445,130.87693673211174
2019-10-01,56,111,1,0.009009009009009009,40.799999237060554,131.244504292806
2019-10-01,58,111,2,0.018018018018018018,102.05000019073486,132.1638736638937
2019-10-01,59,111,1,0.009009009009009009,13.989999771118164,132.28990969786773
2019-10-01,60,111,1,0.009009009009009009,167.11999893188477,133.79549527383065
2019-10-01,61,111,1,0.009009009009009009,69.5,134.4216213999568
2019-10-01,62,111,1,0.009009009009009009,85.0,135.18738716572255
2019-10-01,64,111,2,0.018018018018018018,99.9900016784668,136.08819799165468
2019-10-01,66,111,1,0.009009009009009009,263.8900032043457,138.46558540791005
2019-10-01,67,111,1,0.009009009009009009,19.989999771118164,138.64567549593815
2019-10-01,68,111,2,0.018018018018018018,154.88000106811523,140.04099082087612
2019-10-01,69,111,2,0.018018018018018018,105.80000019073486,140.9941439757476
2019-10-01,72,111,1,0.009009009009009009,42.90999984741211,141.38072055094952
2019-10-01,73,111,1,0.009009009009009009,39.5,141.73657640680537
2019-10-01,75,111,1,0.009009009009009009,9.9399995803833,141.82612595257459
2019-10-01,77,111,1,0.009009009009009009,36.0,142.1504502768989
2019-10-01,78,111,1,0.009009009009009009,18.989999771118164,142.32153135591798
2019-10-01,79,111,1,0.009009009009009009,54.400001525878906,142.81162145975475
2019-11-01,0,112,112,1.0,10055.360005617142,89.78000005015305
2019-11-01,1,112,1,0.008928571428571428,109.94999694824217,90.76169645147664
2019-11-01,2,112,4,0.03571428571428571,509.01999855041504,95.30651786710534
2019-11-01,3,112,2,0.017857142857142856,367.8199977874756,98.59062499020781
2019-11-01,4,112,1,0.008928571428571428,68.0,99.19776784735066
2019-11-01,5,112,2,0.017857142857142856,360.0,102.41205356163638
2019-11-01,6,112,1,0.008928571428571428,16.950000762939453,102.56339285416263
2019-11-01,7,112,1,0.008928571428571428,28.979999542236328,102.82214285007545
2019-11-01,9,112,1,0.008928571428571428,29.0,103.08107142150402
2019-11-01,12,112,1,0.008928571428571428,256.26000213623047,105.36910715486322
2019-11-01,15,112,1,0.008928571428571428,125.0,106.48517858343465
2019-11-01,16,112,1,0.008928571428571428,9.899999618530272,106.57357143717152
2019-11-01,17,112,1,0.008928571428571428,339.7799987792969,109.60732142627239
2019-11-01,19,112,1,0.008928571428571428,14.989999771118164,109.74116070994309
2019-11-01,20,112,1,0.008928571428571428,9.119999885559082,109.82258928034987
2019-11-01,23,112,1,0.008928571428571428,57.98000144958496,110.34026786472116
2019-11-01,26,112,1,0.008928571428571428,38.9900016784668,110.68839287970748
2019-11-01,27,112,2,0.017857142857142856,137.98999977111816,111.92044644909245
2019-11-01,29,112,1,0.008928571428571428,72.0,112.5633035919496
2019-11-01,31,112,2,0.017857142857142856,266.5,114.94276787766388
2019-11-01,34,112,1,0.008928571428571428,30.0,115.21062502052102
2019-11-01,35,112,2,0.017857142857142856,87.75,115.99410716337817
2019-11-01,36,112,2,0.017857142857142856,136.21000289916992,117.21026790354934
2019-11-01,40,112,2,0.017857142857142856,422.66999435424805,120.98410713885512
2019-11-01,41,112,1,0.008928571428571428,30.0,121.25196428171226
2019-11-01,43,112,1,0.008928571428571428,105.75,122.19616071028369
2019-11-01,44,112,1,0.008928571428571428,282.9900016784668,124.72285715384143
2019-11-01,45,112,2,0.017857142857142856,154.5,126.10232143955571
2019-11-01,49,112,1,0.008928571428571428,47.0,126.52196429669857
2019-11-01,50,112,2,0.017857142857142856,197.1899995803833,128.282589292952
2019-11-01,52,112,3,0.026785714285714284,373.98000717163086,131.62169649984156
2019-11-01,53,112,3,0.026785714285714284,139.17000198364258,132.86428580326694
2019-11-01,54,112,1,0.008928571428571428,25.0,133.08750008898122
2019-11-01,55,112,1,0.008928571428571428,25.0,133.3107143746955
2019-11-01,56,112,2,0.017857142857142856,307.3699951171875,136.05508933109897
2019-11-01,57,112,4,0.03571428571428571,210.9099998474121,137.93821432973658
2019-11-01,58,112,2,0.017857142857142856,155.98999786376953,139.33098216780596
2019-11-01,59,112,2,0.017857142857142856,15.920000314712524,139.47312502775873
2019-11-01,60,112,2,0.017857142857142856,106.1500015258789,140.42089289852552
2019-11-01,62,112,2,0.017857142857142856,28.979999542236328,140.67964289443833
2019-11-01,63,112,2,0.017857142857142856,161.86999893188477,142.12491074204445
2019-11-01,65,112,1,0.008928571428571428,44.9900016784668,142.5266071856022
2019-11-01,66,112,1,0.008928571428571428,140.0,143.7766071856022
2019-11-01,69,112,1,0.008928571428571428,229.4499969482422,145.82526787264007
2019-11-01,71,112,2,0.017857142857142856,153.0,147.19133930121149
2019-11-01,72,112,1,0.008928571428571428,198.0,148.95919644406862
2019-11-01,73,112,1,0.008928571428571428,46.0,149.36991072978293
2019-11-01,74,112,3,0.026785714285714284,250.14000129699707,151.6033035985061
2019-11-01,75,112,2,0.017857142857142856,83.9900016784668,152.35321432777815
2019-11-01,79,112,1,0.008928571428571428,19.280000686645508,152.52535719105177
2019-11-01,80,112,1,0.008928571428571428,62.9099998474121,153.0870536182608
2019-11-01,81,112,1,0.008928571428571428,49.0,153.5245536182608
2019-12-01,0,114,114,1.0,9933.750009059906,87.1381579742097
2019-12-01,1,114,2,0.017543859649122806,86.70000076293945,87.89868429669163
2019-12-01,2,114,1,0.008771929824561403,59.9900016784668,88.42491238159046
2019-12-01,5,114,1,0.008771929824561403,70.0,89.03894746930976
2019-12-01,6,114,1,0.008771929824561403,24.989999771118164,89.25815799361781
2019-12-01,9,114,1,0.008771929824561403,100.0,90.13535097607395
2019-12-01,12,114,1,0.008771929824561403,188.02000427246094,91.78464925916572
2019-12-01,13,114,2,0.017543859649122806,132.9199981689453,92.95061415538453
2019-12-01,16,114,1,0.008771929824561403,115.0,93.95938608520909
2019-12-01,20,114,1,0.008771929824561403,49.0,94.3892106466126
2019-12-01,21,114,1,0.008771929824561403,102.98999786376953,95.29263168050532
2019-12-01,22,114,1,0.008771929824561403,22.1200008392334,95.48666677558631
2019-12-01,23,114,2,0.017543859649122806,161.47000312805176,96.9030703117973
2019-12-01,24,114,1,0.008771929824561403,74.98999977111816,97.56087732733342
2019-12-01,26,114,1,0.008771929824561403,79.0,98.25385978347377
2019-12-01,27,114,1,0.008771929824561403,244.94000625610354,100.40245632957993
2019-12-01,29,114,1,0.008771929824561403,128.95000076293945,101.53359668714958
2019-12-01,30,114,2,0.017543859649122806,138.5,102.74850896785134
2019-12-01,33,114,2,0.017543859649122806,181.5,104.34061423100923
2019-12-01,35,114,3,0.02631578947368421,243.89999961853027,106.48008791187354
2019-12-01,36,114,1,0.008771929824561403,49.950000762939446,106.91824581330283
2019-12-01,39,114,2,0.017543859649122806,92.18000030517578,107.72684230720787
2019-12-01,40,114,1,0.008771929824561403,25.0,107.94614055282192
2019-12-01,41,114,1,0.008771929824561403,59.0,108.46368441247104
2019-12-01,42,114,1,0.008771929824561403,15.0,108.59526335983945
2019-12-01,43,114,1,0.008771929824561403,117.9900016784668,109.63026337456284
2019-12-01,44,114,1,0.008771929824561403,45.0,110.02500021666812
2019-12-01,46,114,2,0.017543859649122806,31.0,110.29693004122952
2019-12-01,47,114,2,0.017543859649122806,197.55999755859375,112.02991247595402
2019-12-01,48,114,1,0.008771929824561403,32.9900016784668,112.3192984555897
2019-12-01,49,114,1,0.008771929824561403,36.19999885559082,112.63684230520015
2019-12-01,50,114,1,0.008771929824561403,50.0,113.07543879642822
2019-12-01,52,114,1,0.008771929824561403,207.94000244140625,114.89947390556335
2019-12-01,53,114,2,0.017543859649122806,326.3999881744385,117.7626316965672
2019-12-01,54,114,1,0.008771929824561403,275.89000701904297,120.182719477436
2019-12-01,55,114,3,0.02631578947368421,135.3000030517578,121.36956160946896
2019-12-01,56,114,1,0.008771929824561403,99.85000038146973,122.24543880579765
2019-12-01,58,114,1,0.008771929824561403,49.59000015258789,122.68043880713613
2019-12-01,59,114,1,0.008771929824561403,28.950000762939453,122.93438618224964
2019-12-01,61,114,2,0.017543859649122806,194.0,124.63614056821456
2019-12-01,62,114,2,0.017543859649122806,71.9900016784668,125.26763181100812
2019-12-01,63,114,2,0.017543859649122806,207.10000038146973,127.08429848102101
2019-12-01,64,114,1,0.008771929824561403,65.0,127.6544739196175
2019-12-01,66,114,2,0.017543859649122806,74.94000148773193,128.3118423537204
2019-12-01,67,114,3,0.02631578947368421,210.88999938964844,130.1617546290682
2019-12-01,68,114,1,0.008771929824561403,49.9900016784668,130.60026341572143
2019-12-01,69,114,1,0.008771929824561403,25.0,130.81956166133546
2019-12-01,70,114,1,0.008771929824561403,54.0,131.29324587186179
2019-12-01,71,114,1,0.008771929824561403,129.0,132.4248248192302
2019-12-01,73,114,1,0.008771929824561403,32.5,132.70991253852844
2019-12-01,74,114,1,0.008771929824561403,56.470001220703125,133.20526342642935
2019-12-01,76,114,3,0.02631578947368421,134.67999744415283,134.38666691278158
2019-12-01,77,114,1,0.008771929824561403,95.0,135.2200002461149
2019-12-01,78,114,1,0.008771929824561403,196.46999740600586,136.94342127599214
2019-12-01,79,114,2,0.017543859649122806,63.9900016784668,137.50473708018922
2019-12-01,80,114,1,0.008771929824561403,25.989999771118164,137.73271953432183
2020-01-01,0,143,143,1.0,12642.54001569748,88.40937073914321
2020-01-01,1,143,1,0.006993006993006993,24.950000762939453,88.58384626895398
2020-01-01,3,143,1,0.006993006993006993,19.989999771118164,88.72363647714361
2020-01-01,4,143,1,0.006993006993006993,42.97999954223633,89.02419591450192
2020-01-01,6,143,1,0.006993006993006993,175.0,90.24797213827813
2020-01-01,7,143,1,0.006993006993006993,142.54999923706055,91.24482527979605
2020-01-01,8,143,2,0.013986013986013986,148.1599998474121,92.2809091948129
2020-01-01,9,143,1,0.006993006993006993,49.9900016784668,92.63048962613085
2020-01-01,10,143,3,0.02097902097902098,255.2800006866455,94.4156644561074
2020-01-01,11,143,4,0.027972027972027972,154.90000343322754,95.49888126333276
2020-01-01,12,143,1,0.006993006993006993,24.979999542236328,95.67356657481693
2020-01-01,14,143,1,0.006993006993006993,24.5,95.84489524614561
2020-01-01,18,143,1,0.006993006993006993,47.950000762939446,96.18020993679553
2020-01-01,19,143,2,0.013986013986013986,201.07999801635742,97.58636376907775
2020-01-01,20,143,3,0.02097902097902098,237.57000160217285,99.24769245161043
2020-01-01,21,143,1,0.006993006993006993,61.99999904632568,99.68125887850782
2020-01-01,22,143,2,0.013986013986013986,214.56999969482422,101.18174838686323
2020-01-01,23,143,2,0.013986013986013986,88.98999786376953,101.80405606423224
2020-01-01,24,143,1,0.006993006993006993,195.0,103.16769242786862
2020-01-01,25,143,1,0.006993006993006993,40.0,103.4474127075889
2020-01-01,27,143,1,0.006993006993006993,27.989999771118164,103.64314697172259
2020-01-01,28,143,1,0.006993006993006993,9.970000267028809,103.7128672533102
2020-01-01,29,143,1,0.006993006993006993,25.0,103.88769242813537
2020-01-01,30,143,2,0.013986013986013986,281.9399948120117,105.85930078346412
2020-01-01,31,143,3,0.02097902097902098,114.03000068664551,106.65671337567844
2020-01-01,33,143,3,0.02097902097902098,159.98999977111816,107.77552456288905
2020-01-01,34,143,2,0.013986013986013986,91.45000076293945,108.41503505773477
2020-01-01,35,143,2,0.013986013986013986,57.88000106811523,108.81979030995936
2020-01-01,37,143,1,0.006993006993006993,57.96999979019165,109.22517492387678
2020-01-01,38,143,3,0.02097902097902098,197.90999603271484,110.60916091011954
2020-01-01,40,143,2,0.013986013986013986,133.98999977111816,111.54615391551198
2020-01-01,41,143,1,0.006993006993006993,264.0,113.39230776166582
2020-01-01,42,143,2,0.013986013986013986,118.72999954223633,114.2225874787444
2020-01-01,43,143,2,0.013986013986013986,371.95000076293945,116.82363643512859
2020-01-01,44,143,1,0.006993006993006993,113.169997215271,117.61503501705356
2020-01-01,45,143,1,0.006993006993006993,25.0,117.78986019187874
2020-01-01,46,143,3,0.02097902097902098,399.90999603271484,120.5864335907089
2020-01-01,48,143,1,0.006993006993006993,46.9900016784668,120.91503500104784
2020-01-01,49,143,1,0.006993006993006993,84.6500015258789,121.50699305367637
2020-01-01,54,143,2,0.013986013986013986,99.07000350952148,122.19979028101568
2020-01-01,56,143,3,0.02097902097902098,252.5,123.96552454674995
2020-01-01,57,143,1,0.006993006993006993,309.26000213623047,126.12818190434596
2020-01-01,58,143,1,0.006993006993006993,347.89999771118164,128.56104902120737
2020-01-01,59,143,3,0.02097902097902098,427.42999839782715,131.55006998902434
2020-01-01,60,143,1,0.006993006993006993,32.0,131.77384621280058
2020-01-01,63,143,1,0.006993006993006993,287.5,133.78433572329007
2020-01-01,64,143,4,0.027972027972027972,263.3300018310547,135.62580426756318
2020-01-01,65,143,1,0.006993006993006993,69.94999694824219,136.11496508538306
2020-01-01,68,143,1,0.006993006993006993,114.98999786376952,136.91909094457026
2020-01-01,69,143,3,0.02097902097902098,612.8999929428101,141.20510488123327
2020-01-01,71,143,3,0.02097902097902098,325.3500061035156,143.48027974909002
2020-01-01,72,143,1,0.006993006993006993,65.48999977111816,143.93825177546148
2020-01-01,73,143,1,0.006993006993006993,240.95000076293945,145.62321681576177
2020-01-01,76,143,3,0.02097902097902098,153.0,146.69314688569182
2020-01-01,77,143,3,0.02097902097902098,353.98999977111816,149.1686014295458
2020-01-01,78,143,1,0.006993006993006993,33.81999969482422,149.4051049239152
2020-01-01,79,143,7,0.04895104895104895,683.5500001907349,154.18517485531893
2020-02-01,0,140,140,1.0,12984.950016021729,92.74964297158378
2020-02-01,1,140,2,0.014285714285714285,94.97000122070312,93.42800012316023
2020-02-01,2,140,2,0.014285714285714285,115.5,94.25300012316022
2020-02-01,3,140,2,0.014285714285714285,221.97999954223633,95.83857154846191
2020-02-01,4,140,1,0.007142857142857143,115.68000030517578,96.66485726492745
2020-02-01,6,140,2,0.014285714285714285,49.95000076293945,97.02164298466273
2020-02-01,8,140,2,0.014285714285714285,70.09000015258789,97.52228584289551
2020-02-01,9,140,2,0.014285714285714285,189.0,98.87228584289551
2020-02-01,10,140,1,0.007142857142857143,58.0,99.28657155718122
2020-02-01,12,140,2,0.014285714285714285,204.81999969482422,100.7495715550014
2020-02-01,13,140,2,0.014285714285714285,61.4900016784668,101.18878585270473
2020-02-01,14,140,1,0.007142857142857143,30.5,101.40664299556187
2020-02-01,15,140,2,0.014285714285714285,156.2399959564209,102.52264296667916
2020-02-01,16,140,1,0.007142857142857143,239.5,104.23335725239345
2020-02-01,18,140,1,0.007142857142857143,19.989999771118164,104.3761429650443
2020-02-01,19,140,2,0.014285714285714285,56.9900016784668,104.78321440560477
2020-02-01,20,140,2,0.014285714285714285,82.48999977111816,105.37242868968418
2020-02-01,21,140,1,0.007142857142857143,40.59999847412109,105.66242867878505
2020-02-01,22,140,1,0.007142857142857143,191.0,107.02671439307076
2020-02-01,23,140,1,0.007142857142857143,148.0,108.08385725021363
2020-02-01,24,140,1,0.007142857142857143,56.900001525878906,108.49028583254133
2020-02-01,25,140,1,0.007142857142857143,25.0,108.66885726111276
2020-02-01,26,140,2,0.014285714285714285,229.41000175476074,110.30750013078962
2020-02-01,27,140,1,0.007142857142857143,89.98999786376953,110.95028582981655
2020-02-01,28,140,1,0.007142857142857143,64.94999694824219,111.41421437944685
2020-02-01,30,140,2,0.014285714285714285,158.98999977111816,112.54985723495483
2020-02-01,31,140,1,0.007142857142857143,34.9900016784668,112.79978581837246
2020-02-01,32,140,1,0.007142857142857143,223.0,114.3926429612296
2020-02-01,33,140,2,0.014285714285714285,126.5,115.29621438980102
2020-02-01,34,140,4,0.02857142857142857,212.9800033569336,116.81750012806484
2020-02-01,36,140,1,0.007142857142857143,179.0,118.09607155663626
2020-02-01,37,140,1,0.007142857142857143,59.9900016784668,118.52457156862532
2020-02-01,39,140,1,0.007142857142857143,25.0,118.70314299719674
2020-02-01,40,140,1,0.007142857142857143,104.98999786376952,119.45307155336653
2020-02-01,41,140,1,0.007142857142857143,106.0,120.21021441050938
2020-02-01,43,140,1,0.007142857142857143,86.5,120.82807155336653
2020-02-01,45,140,1,0.007142857142857143,40.0,121.1137858390808
2020-02-01,46,140,3,0.02142857142857143,257.0,122.9495001247951
2020-02-01,47,140,2,0.014285714285714285,75.48999977111816,123.48871440887451
2020-02-01,48,140,2,0.014285714285714285,122.0,124.36014298030308
2020-02-01,52,140,3,0.02142857142857143,79.62000179290771,124.92885727882386
2020-02-01,53,140,4,0.02857142857142857,320.18999767303467,127.2159286907741
2020-02-01,54,140,1,0.007142857142857143,82.95000076293945,127.80842869622367
2020-02-01,55,140,2,0.014285714285714285,95.0,128.4870001247951
2020-02-01,56,140,1,0.007142857142857143,31.21999931335449,128.71000011989048
2020-02-01,59,140,2,0.014285714285714285,98.5,129.4135715484619
2020-02-01,62,140,1,0.007142857142857143,60.09999847412109,129.8428572518485
2020-02-01,66,140,2,0.014285714285714285,235.85000228881836,131.52750012534005
2020-02-01,67,140,2,0.014285714285714285,225.98999786376953,133.14171439579556
2020-02-01,70,140,1,0.007142857142857143,160.1999969482422,134.286000088283
2020-02-01,71,140,2,0.014285714285714285,334.95999908447266,136.67857151031495
2020-02-01,73,140,1,0.007142857142857143,69.48999977111816,137.17492865153721
2020-02-01,74,140,2,0.014285714285714285,322.5,139.47850008010863
2020-02-01,75,140,1,0.007142857142857143,78.0,140.0356429372515
2020-02-01,76,140,2,0.014285714285714285,358.3599967956543,142.59535720007761
2020-02-01,77,140,3,0.02142857142857143,619.4300003051758,147.01985720225744
2020-03-01,0,147,147,1.0,13438.399991512299,91.41768701709047
2020-03-01,1,147,1,0.006802721088435374,54.989999771118164,91.7917686481865
2020-03-01,2,147,2,0.013605442176870748,229.0,93.3495917774382
2020-03-01,3,147,1,0.006802721088435374,97.0,94.00945572301644
2020-03-01,4,147,4,0.027210884353741496,958.0199966430664,100.52659855732301
2020-03-01,5,147,1,0.006802721088435374,353.04000091552734,102.92823121661232
2020-03-01,6,147,1,0.006802721088435374,52.0,103.28197271321096
2020-03-01,7,147,2,0.013605442176870748,149.84000205993652,104.30129245511529
2020-03-01,11,147,2,0.013605442176870748,142.7200002670288,105.2721768106733
2020-03-01,12,147,1,0.006802721088435374,10.5,105.34360538210187
2020-03-01,13,147,3,0.02040816326530612,375.5800018310547,107.89857138095259
2020-03-01,14,147,1,0.006802721088435374,25.0,108.06863940816348
2020-03-01,15,147,1,0.006802721088435374,20.049999237060547,108.20503396079654
2020-03-01,17,147,1,0.006802721088435374,42.59000015258789,108.49476185299102
2020-03-01,18,147,5,0.034013605442176874,189.89000034332275,109.78653056280953
2020-03-01,19,147,3,0.02040816326530612,115.96000099182129,110.57537410697158
2020-03-01,21,147,1,0.006802721088435374,178.0,111.78625846071309
2020-03-01,22,147,3,0.02040816326530612,465.3100006580353,114.95163261484937
2020-03-01,24,147,1,0.006802721088435374,15.989999771118164,115.06040812349644
2020-03-01,26,147,2,0.013605442176870748,394.0,117.74068023233997
2020-03-01,28,147,2,0.013605442176870748,347.98999786376953,120.10795912937242
2020-03-01,30,147,1,0.006802721088435374,49.5,120.44469382324998
2020-03-01,31,147,6,0.04081632653061224,352.5600004196167,122.84306117304328
2020-03-01,32,147,1,0.006802721088435374,46.0,123.15598634311131
2020-03-01,34,147,1,0.006802721088435374,85.98999786376953,123.74095231497368
2020-03-01,35,147,1,0.006802721088435374,9.0,123.8021768047696
2020-03-01,37,147,2,0.013605442176870748,177.9499969482422,125.01272100169642
2020-03-01,39,147,2,0.013605442176870748,167.5199966430664,126.15231281559484
2020-03-01,40,147,2,0.013605442176870748,71.95999908447266,126.64183661889057
2020-03-01,41,147,2,0.013605442176870748,86.94000053405762,127.23326519395218
2020-03-01,42,147,1,0.006802721088435374,125.0,128.0836053300066
2020-03-01,43,147,1,0.006802721088435374,116.97999954223633,128.87938763981774
2020-03-01,44,147,1,0.006802721088435374,2.990000009536743,128.89972777593704
2020-03-01,46,147,3,0.02040816326530612,398.9699993133545,131.61380940391905
2020-03-01,47,147,3,0.02040816326530612,196.09000396728516,132.94775500913866
2020-03-01,48,147,2,0.013605442176870748,160.0,134.03619038328833
2020-03-01,51,147,3,0.02040816326530612,286.3899974822998,135.98442165867812
2020-03-01,53,147,2,0.013605442176870748,183.89000129699707,137.23537404845362
2020-03-01,54,147,2,0.013605442176870748,127.97999954223633,138.10598629023752
2020-03-01,55,147,3,0.02040816326530612,512.8999996185303,141.595101933901
2020-03-01,56,147,3,0.02040816326530612,36.83999967575073,141.8457141765932
2020-03-01,57,147,1,0.006802721088435374,129.30999755859375,142.72537402393056
2020-03-01,58,147,4,0.027210884353741496,560.6100025177002,146.53904751044553
2020-03-01,59,147,2,0.013605442176870748,214.5,147.99823118391492
2020-03-01,60,147,2,0.013605442176870748,97.93000030517578,148.6644216621814
2020-03-01,62,147,1,0.006802721088435374,16.020000457763672,148.77340125713218
2020-03-01,63,147,3,0.02040816326530612,197.80000019073486,150.11897948972222
2020-03-01,64,147,1,0.006802721088435374,76.9900016784668,150.642720997739
2020-03-01,65,147,2,0.013605442176870748,434.98999977111816,153.60183664244047
2020-03-01,66,147,2,0.013605442176870748,427.9800033569336,156.51326523670534
2020-03-01,67,147,2,0.013605442176870748,545.8900012969971,160.22680266049443
2020-03-01,68,147,1,0.006802721088435374,35.279998779296875,160.46680265219032
2020-03-01,69,147,3,0.02040816326530612,153.4900016784668,161.51095232347242
2020-03-01,70,147,2,0.013605442176870748,77.98999977111816,162.04149653960246
2020-03-01,71,147,2,0.013605442176870748,94.2299976348877,162.68251693167653
2020-03-01,72,147,4,0.027210884353741496,180.0800018310547,163.90755095773812
2020-03-01,73,147,3,0.02040816326530612,140.05999660491943,164.8603400502886
2020-03-01,74,147,1,0.006802721088435374,39.93999862670898,165.1320407212186
2020-03-01,75,147,1,0.006802721088435374,307.5,167.2238774559125
2020-03-01,76,147,3,0.02040816326530612,269.4000015258789,169.0565305275171
2020-03-01,77,147,2,0.013605442176870748,46.959999084472656,169.37598630360193
2020-04-01,0,172,172,1.0,13935.270026683807,81.01901178304539
2020-04-01,1,172,1,0.005813953488372093,76.0,81.46087224816166
2020-04-01,2,172,1,0.005813953488372093,140.0,82.27482573653377
2020-04-01,3,172,1,0.005813953488372093,12.739999771118164,82.34889550264492
2020-04-01,5,172,1,0.005813953488372093,99.73999786376952,82.9287792111552
2020-04-01,6,172,2,0.011627906976744186,332.5900020599365,84.86244201382925
2020-04-01,7,172,3,0.01744186046511628,180.0,85.90895364173623
2020-04-01,10,172,1,0.005813953488372093,325.0,87.79848852545716
2020-04-01,11,172,3,0.01744186046511628,268.8800048828125,89.36174436779909
2020-04-01,13,172,2,0.011627906976744186,337.4800033569336,91.32383741057197
2020-04-01,14,172,2,0.011627906976744186,114.59000015258789,91.99005834169166
2020-04-01,15,172,1,0.005813953488372093,94.54000091552734,92.53970950980519
2020-04-01,16,172,2,0.011627906976744186,54.39999961853027,92.85598857735478
2020-04-01,18,172,1,0.005813953488372093,36.9900016784668,93.07104672664819
2020-04-01,21,172,2,0.011627906976744186,60.66999816894531,93.42377927414206
2020-04-01,23,172,1,0.005813953488372093,19.989999771118164,93.54000020304392
2020-04-01,24,172,2,0.011627906976744186,25.539999961853027,93.68848857491516
2020-04-01,26,172,2,0.011627906976744186,318.9000015258789,95.54255835122841
2020-04-01,28,172,2,0.011627906976744186,74.48999977111816,95.97563974524654
2020-04-01,29,172,2,0.011627906976744186,449.85000228881836,98.59104673529781
2020-04-01,30,172,2,0.011627906976744186,385.61000061035156,100.83296534349752
2020-04-01,31,172,2,0.011627906976744186,275.90000915527344,102.43703516416771
2020-04-01,32,172,1,0.005813953488372093,222.48999977111816,103.73058167446491
2020-04-01,33,172,1,0.005813953488372093,24.989999771118164,103.87587237080862
2020-04-01,35,172,2,0.011627906976744186,86.23000144958496,104.37720958853878
2020-04-01,36,172,3,0.01744186046511628,212.6500015258789,105.61354680671248
2020-04-01,37,172,4,0.023255813953488372,188.70000076293945,106.71063983440399
2020-04-01,38,172,1,0.005813953488372093,36.9900016784668,106.9256979836974
2020-04-01,40,172,2,0.011627906976744186,114.98000144958496,107.59418636421825
2020-04-01,41,172,2,0.011627906976744186,200.9199981689453,108.7623258884563
2020-04-01,42,172,2,0.011627906976744186,69.98000144958496,109.1691863620004
2020-04-01,43,172,2,0.011627906976744186,54.97999954223633,109.48883752212969
2020-04-01,44,172,1,0.005813953488372093,24.5,109.6312793825948
2020-04-01,45,172,5,0.029069767441860465,382.9300022125244,111.85761660476064
2020-04-01,46,172,2,0.011627906976744186,60.50000190734863,112.20936080189638
2020-04-01,48,172,2,0.011627906976744186,126.95000076293945,112.94744220168091
2020-04-01,49,172,1,0.005813953488372093,21.989999771118164,113.07529103755951
2020-04-01,50,172,3,0.01744186046511628,176.6500015258789,114.10232593015184
2020-04-01,51,172,1,0.005813953488372093,39.9900016784668,114.33482593991036
2020-04-01,52,172,3,0.01744186046511628,186.21999835968018,115.41750034897827
2020-04-01,53,172,1,0.005813953488372093,5.369999885559082,115.44872127854546
2020-04-01,54,172,1,0.005813953488372093,24.5,115.59116313901059
2020-04-01,56,172,2,0.011627906976744186,49.79000186920166,115.88063989406409
2020-04-01,58,172,2,0.011627906976744186,95.9900016784668,116.43872129917145
2020-04-01,59,172,2,0.011627906976744186,173.5,117.447442229404
2020-04-01,60,172,1,0.005813953488372093,211.04000091552734,118.67441897891288
2020-04-01,61,172,2,0.011627906976744186,239.4000015258789,120.06627945290056
2020-04-01,62,172,2,0.011627906976744186,133.1599998474121,120.84046549852505
2020-04-01,63,172,1,0.005813953488372093,34.9900016784668,121.0438957408417
2020-04-01,64,172,1,0.005813953488372093,60.0,121.39273295014404
2020-04-01,65,172,1,0.005813953488372093,218.0,122.66017481060915
2020-04-01,66,172,2,0.011627906976744186,80.0,123.12529108967892
2020-04-01,67,172,1,0.005813953488372093,35.97999954223633,123.33447713352913
2020-04-01,69,172,3,0.01744186046511628,125.1500015258789,124.0620934214703
2020-04-01,71,172,1,0.005813953488372093,37.0,124.27720970054006
2020-04-01,72,172,4,0.023255813953488372,330.75,126.20017481681913
2020-04-01,73,172,2,0.011627906976744186,141.94000244140625,127.02540738915287
2020-04-01,74,172,1,0.005813953488372093,198.10999870300293,128.17720970719358
2020-04-01,75,172,1,0.005813953488372093,44.9900016784668,128.438779484394
2020-05-01,0,157,157,1.0,13399.420000553131,85.34662420734479
2020-05-01,2,157,2,0.012738853503184714,76.9900016784668,85.83700638364076
2020-05-01,3,157,1,0.006369426751592357,59.9900016784668,86.21910830515965
2020-05-01,5,157,1,0.006369426751592357,19.989999771118164,86.34643314446613
2020-05-01,6,157,2,0.012738853503184714,267.9699993133545,88.05324842671679
2020-05-01,7,157,1,0.006369426751592357,106.41999816894531,88.7310828099585
2020-05-01,8,157,2,0.012738853503184714,68.86000061035156,89.16968153996073
2020-05-01,9,157,2,0.012738853503184714,318.48999786376953,91.19828025246882
2020-05-01,11,157,2,0.012738853503184714,133.95999908447266,92.05152865428074
2020-05-01,12,157,1,0.006369426751592357,143.9900016784668,92.96866242293339
2020-05-01,13,157,2,0.012738853503184714,42.050000667572014,93.2364968220899
2020-05-01,14,157,1,0.006369426751592357,12.75,93.31770701317271
2020-05-01,15,157,3,0.01910828025477707,274.95000076293945,95.06898090338251
2020-05-01,16,157,4,0.025477707006369428,165.5,96.12312103077105
2020-05-01,17,157,2,0.012738853503184714,247.0,97.69636943841437
2020-05-01,18,157,1,0.006369426751592357,259.0,99.34605096707678
2020-05-01,20,157,3,0.01910828025477707,183.69000244140625,100.51605098262714
2020-05-01,21,157,1,0.006369426751592357,132.0,101.35681531383733
2020-05-01,22,157,1,0.006369426751592357,128.5,102.17528665141695
2020-05-01,23,157,2,0.012738853503184714,157.4600009918213,103.17821659404001
2020-05-01,24,157,1,0.006369426751592357,27.979999542236328,103.35643315163388
2020-05-01,25,157,3,0.01910828025477707,189.6999969482422,104.564713386973
2020-05-01,26,157,2,0.012738853503184714,277.8400058746338,106.33439495305346
2020-05-01,27,157,1,0.006369426751592357,89.0,106.90127393394519
2020-05-01,28,157,2,0.012738853503184714,295.4299964904785,108.78299365681448
2020-05-01,29,157,1,0.006369426751592357,59.35000038146973,109.16101913695123
2020-05-01,31,157,1,0.006369426751592357,29.940000534057617,109.35171977729554
2020-05-01,32,157,3,0.01910828025477707,333.8400020599365,111.47808921716775
2020-05-01,33,157,2,0.012738853503184714,51.08000183105469,111.80343954730186
2020-05-01,36,157,1,0.006369426751592357,41.959999084472656,112.07070068796729
2020-05-01,37,157,1,0.006369426751592357,139.9499969482422,112.96210194241469
2020-05-01,38,157,2,0.012738853503184714,73.32000350952148,113.42910833419508
2020-05-01,39,157,1,0.006369426751592357,24.96999931335449,113.5881529158088
2020-05-01,41,157,1,0.006369426751592357,54.950000762939446,113.93815292066829
2020-05-01,42,157,1,0.006369426751592357,55.25,114.29006374869377
2020-05-01,43,157,1,0.006369426751592357,52.0,114.62127393977657
2020-05-01,44,157,2,0.012738853503184714,103.5,115.28050960856638
2020-05-01,45,157,1,0.006369426751592357,18.0,115.39515929009504
2020-05-01,46,157,5,0.03184713375796178,487.51999855041504,118.50038221079832
2020-05-01,47,157,4,0.025477707006369428,126.97999954223633,119.30917201679983
2020-05-01,48,157,2,0.012738853503184714,134.37999820709229,120.16509557225902
2020-05-01,50,157,1,0.006369426751592357,119.98999786376952,120.92936307457602
2020-05-01,51,157,2,0.012738853503184714,118.24999809265135,121.6825477758031
2020-05-01,52,157,2,0.012738853503184714,473.4200019836426,124.69796180117662
2020-05-01,53,157,1,0.006369426751592357,37.7400016784668,124.93834397747258
2020-05-01,56,157,1,0.006369426751592357,15.899999618530272,125.03961786039316
2020-05-01,57,157,1,0.006369426751592357,25.0,125.19885352918297
2020-05-01,58,157,1,0.006369426751592357,12.800000190734863,125.28038219281822
2020-05-01,60,157,2,0.012738853503184714,346.5,127.48738856224497
2020-05-01,61,157,3,0.01910828025477707,202.64999771118164,128.7781528788767
2020-05-01,62,157,3,0.01910828025477707,213.9900016784668,130.14114652014084
2020-05-01,64,157,1,0.006369426751592357,319.989990234375,132.17929932418144
2020-05-01,65,157,1,0.006369426751592357,124.9900016784668,132.97541398455382
2020-05-01,67,157,1,0.006369426751592357,25.489999771118164,133.13777067099406
2020-05-01,68,157,1,0.006369426751592357,49.950000762939446,133.4559235420956
2020-05-01,70,157,1,0.006369426751592357,187.9499969482422,134.65305728061944
2020-05-01,72,157,1,0.006369426751592357,19.989999771118164,134.78038211992592
2020-05-01,73,157,1,0.006369426751592357,21.989999771118164,134.92044581273558
2020-05-01,74,157,3,0.01910828025477707,101.3499984741211,135.5659872042905
2020-05-01,75,157,1,0.006369426751592357,71.98999786376953,136.02452222253106
2020-06-01,0,192,192,1.0,17541.73004770279,91.36317733178537
2020-06-01,1,192,2,0.010416666666666666,53.5,91.6418231651187
2020-06-01,2,192,1,0.005208333333333333,27.950000762939453,91.787396085759
2020-06-01,3,192,2,0.010416666666666666,179.96999740600586,92.72473982224862
2020-06-01,4,192,5,0.026041666666666668,112.60000038146973,93.31119815756877
2020-06-01,5,192,3,0.015625,864.0600070953369,97.81151069452365
2020-06-01,6,192,3,0.015625,308.290002822876,99.41718779255946
2020-06-01,7,192,3,0.015625,183.68999385833737,100.37390651057164
2020-06-01,8,192,3,0.015625,84.46999931335449,100.81385442366202
2020-06-01,10,192,2,0.010416666666666666,136.98999977111816,101.52734400580327
2020-06-01,11,192,3,0.015625,182.6399965286255,102.47859398772319
2020-06-01,12,192,1,0.005208333333333333,39.900001525878906,102.68640649567048
2020-06-01,13,192,1,0.005208333333333333,9.949999809265137,102.73822941134374
2020-06-01,14,192,3,0.015625,410.0399980545044,104.87385440121095
2020-06-01,17,192,2,0.010416666666666666,75.9000015258789,105.26916690915823
2020-06-01,18,192,1,0.005208333333333333,69.5,105.6311460758249
2020-06-01,19,192,3,0.015625,227.8800048828125,106.8180211012562
2020-06-01,20,192,2,0.010416666666666666,167.9900016784668,107.6929690266649
2020-06-01,22,192,2,0.010416666666666666,85.05999946594238,108.13598985721667
2020-06-01,23,192,1,0.005208333333333333,14.0,108.20890652388334
2020-06-01,24,192,2,0.010416666666666666,175.32999992370605,109.12208360681932
2020-06-01,26,192,7,0.036458333333333336,628.0,112.39291694015265
2020-06-01,27,192,1,0.005208333333333333,69.44999694824219,112.75463567425807
2020-06-01,28,192,1,0.005208333333333333,22.950000762939453,112.87416692823172
2020-06-01,29,192,1,0.005208333333333333,24.950000762939453,113.00411484887202
2020-06-01,30,192,3,0.015625,156.9799976348877,113.8217190032204
2020-06-01,31,192,2,0.010416666666666666,108.00999641418457,114.3842710678776
2020-06-01,32,192,2,0.010416666666666666,255.5,115.71500023454428
2020-06-01,34,192,3,0.015625,230.19999980926514,116.9139585668842
2020-06-01,35,192,2,0.010416666666666666,139.47999954223633,117.64041689783335
2020-06-01,36,192,1,0.005208333333333333,50.0,117.90083356450002
2020-06-01,38,192,2,0.010416666666666666,119.02999687194823,118.52078146487474
2020-06-01,39,192,2,0.010416666666666666,78.8900032043457,118.93166689823072
2020-06-01,40,192,1,0.005208333333333333,162.30999755859375,119.77703146884839
2020-06-01,41,192,1,0.005208333333333333,41.25,119.99187521884839
2020-06-01,42,192,1,0.005208333333333333,203.89999771118164,121.05385437359412
2020-06-01,43,192,3,0.015625,177.7500057220459,121.97963565339644
2020-06-01,44,192,4,0.020833333333333332,511.91000175476074,124.64583357920249
2020-06-01,45,192,2,0.010416666666666666,172.96999740600586,125.54671898235877
2020-06-01,46,192,1,0.005208333333333333,178.0,126.47380231569211
2020-06-01,47,192,3,0.015625,209.22999954223633,127.56354189664125
2020-06-01,48,192,1,0.005208333333333333,85.73999786376953,128.01010438551506
2020-06-01,49,192,1,0.005208333333333333,13.0,128.07781271884838
2020-06-01,50,192,2,0.010416666666666666,121.5,128.71062521884838
2020-06-01,51,192,4,0.020833333333333332,399.1100044250488,130.78932315856218
2020-06-01,52,192,3,0.015625,487.2400016784668,133.32703150063753
2020-06-01,53,192,3,0.015625,307.5500068664551,134.92885445306698
2020-06-01,54,192,1,0.005208333333333333,14.979999542236328,135.00687528401613
2020-06-01,55,192,4,0.020833333333333332,415.82000160217285,137.17260445902744
2020-06-01,56,192,2,0.010416666666666666,199.0,138.20906279236078
2020-06-01,57,192,2,0.010416666666666666,51.489999771118164,138.47723987450203
2020-06-01,59,192,4,0.020833333333333332,231.4199981689453,139.6825523649653
2020-06-01,60,192,1,0.005208333333333333,15.670000076293944,139.764166948696
2020-06-01,61,192,2,0.010416666666666666,71.9900016784668,140.13911487410465
2020-06-01,62,192,3,0.015625,295.7599983215332,141.6795315320293
2020-06-01,63,192,1,0.005208333333333333,38.0,141.877448198696
2020-06-01,64,192,1,0.005208333333333333,380.95000076293945,143.86156278600296
2020-06-01,65,192,1,0.005208333333333333,126.05000305175781,144.51807321856418
2020-06-01,66,192,1,0.005208333333333333,60.94000244140625,144.8354690646132
2020-06-01,68,192,3,0.015625,160.66000175476074,145.6722399070859
2020-06-01,69,192,4,0.020833333333333332,603.5300064086914,148.81562535713115
2020-06-01,70,192,2,0.010416666666666666,186.59000205993652,149.78744828452668
2020-06-01,72,192,3,0.015625,148.81999969482422,150.56255244960388
2020-06-01,73,192,4,0.020833333333333332,143.81000232696533,151.31156287839016
2020-06-01,74,192,2,0.010416666666666666,236.0,152.54072954505682
2020-07-01,0,188,188,1.0,14818.350020885468,78.82101074939078
2020-07-01,1,188,1,0.005319148936170213,50.0,79.0869681961993
2020-07-01,2,188,3,0.015957446808510637,141.25000286102295,79.83829799865154
2020-07-01,3,188,4,0.02127659574468085,496.83999824523926,82.48106394676452
2020-07-01,4,188,2,0.010638297872340425,63.94000053405761,82.82117033258397
2020-07-01,5,188,1,0.005319148936170213,59.5,83.1376596942861
2020-07-01,6,188,2,0.010638297872340425,87.9900016784668,83.60569161810774
2020-07-01,7,188,1,0.005319148936170213,279.989990234375,85.09500007680121
2020-07-01,8,188,2,0.010638297872340425,119.61000442504883,85.73122350459403
2020-07-01,10,188,1,0.005319148936170213,139.0,86.4705852067217
2020-07-01,11,188,5,0.026595744680851064,416.2000026702881,88.68441500815939
2020-07-01,12,188,1,0.005319148936170213,17.0,88.7748405400743
2020-07-01,14,188,2,0.010638297872340425,59.989999771118164,89.09393628353769
2020-07-01,15,188,1,0.005319148936170213,243.0,90.38648947502705
2020-07-01,17,188,2,0.010638297872340425,271.39000129699707,91.8300533117132
2020-07-01,18,188,1,0.005319148936170213,223.1999969482422,93.01728733803364
2020-07-01,19,188,2,0.010638297872340425,140.72000122070312,93.76579798282461
2020-07-01,20,188,2,0.010638297872340425,39.94999980926514,93.97829798181006
2020-07-01,21,188,1,0.005319148936170213,39.9900016784668,94.19101075669552
2020-07-01,22,188,4,0.02127659574468085,229.94000244140625,95.4140958760647
2020-07-01,23,188,2,0.010638297872340425,114.97999954223633,96.02569161831065
2020-07-01,24,188,1,0.005319148936170213,19.989999771118164,96.13202140432723
2020-07-01,25,188,3,0.015957446808510637,122.47000122070314,96.7834575810331
2020-07-01,26,188,3,0.015957446808510637,308.060001373291,98.42207460961443
2020-07-01,27,188,2,0.010638297872340425,111.9900016784668,99.01776610790415
2020-07-01,28,188,4,0.02127659574468085,282.5,100.52042568237223
2020-07-01,29,188,1,0.005319148936170213,44.25,100.75579802279776
2020-07-01,30,188,1,0.005319148936170213,212.93999671936035,101.88845757981564
2020-07-01,31,188,2,0.010638297872340425,637.5300064086914,105.27957463518102
2020-07-01,32,188,4,0.02127659574468085,212.95000076293945,106.41228740519665
2020-07-01,33,188,2,0.010638297872340425,184.86999797821045,107.39563845827224
2020-07-01,34,188,1,0.005319148936170213,36.880001068115234,107.59180867671967
2020-07-01,35,188,4,0.02127659574468085,1033.9799995422363,113.09170229130604
2020-07-01,36,188,3,0.015957446808510637,294.38000106811523,114.65755336081727
2020-07-01,37,188,3,0.015957446808510637,144.69000053405762,115.42718102323248
2020-07-01,38,188,2,0.010638297872340425,92.04999923706055,115.91680867874877
2020-07-01,40,188,1,0.005319148936170213,46.0,116.16148952981258
2020-07-01,41,188,3,0.015957446808510637,235.32000350952148,117.41319167613983
2020-07-01,42,188,5,0.026595744680851064,233.91000175476074,118.65739381313324
2020-07-01,43,188,3,0.015957446808510637,295.93999671936035,120.23154273185324
2020-07-01,44,188,5,0.026595744680851064,586.1000022888184,123.34909593551717
2020-07-01,46,188,2,0.010638297872340425,133.48999786376953,124.0591491156436
2020-07-01,47,188,1,0.005319148936170213,155.0,124.88361720074998
2020-07-01,48,188,4,0.02127659574468085,305.6299991607666,126.50930868564768
2020-07-01,50,188,1,0.005319148936170213,17.75,126.6037235792647
2020-07-01,53,188,1,0.005319148936170213,79.98999786376953,127.02920229130604
2020-07-01,54,188,1,0.005319148936170213,69.94999694824219,127.40127674315838
2020-07-01,55,188,4,0.02127659574468085,277.0900001525879,128.8751597226934
2020-07-01,56,188,1,0.005319148936170213,25.11000061035156,129.00872355572722
2020-07-01,57,188,2,0.010638297872340425,123.33999919891357,129.66478738125335
2020-07-01,59,188,1,0.005319148936170213,135.0,130.38287248763632
2020-07-01,60,188,3,0.015957446808510637,155.7999963760376,131.21159587261525
2020-07-01,62,188,4,0.02127659574468085,330.62000465393066,132.97021291864678
2020-07-01,63,188,1,0.005319148936170213,59.9900016784668,133.28930867225566
2020-07-01,64,188,1,0.005319148936170213,19.989999771118164,133.39563845827223
2020-07-01,65,188,1,0.005319148936170213,131.98000144958496,134.09765974257854
2020-07-01,66,188,2,0.010638297872340425,373.0,136.08170229577004
2020-07-01,67,188,2,0.010638297872340425,109.90000152587889,136.66627677197152
2020-07-01,68,188,1,0.005319148936170213,34.9900016784668,136.85239380217612
2020-07-01,69,188,2,0.010638297872340425,151.56000328063965,137.6585640323923
2020-07-01,70,188,2,0.010638297872340425,151.55000019073486,138.46468105468344
2020-07-01,71,188,1,0.005319148936170213,70.60999822616577,138.84026615163114
2020-07-01,72,188,1,0.005319148936170213,14.0,138.9147342367375
2020-07-01,73,188,2,0.010638297872340425,120.98999977111816,139.5582980653073
2020-08-01,0,245,245,1.0,19308.200025200844,78.80897969469733
2020-08-01,1,245,2,0.00816326530612245,618.3999977111816,81.33306131800826
2020-08-01,2,245,4,0.0163265306122449,325.1499996185303,82.66020417359411
2020-08-01,3,245,3,0.012244897959183673,189.94999980926514,83.43551029526458
2020-08-01,4,245,1,0.004081632653061225,49.5,83.63755111159111
2020-08-01,5,245,3,0.012244897959183673,121.31000137329102,84.13269397433923
2020-08-01,6,245,3,0.012244897959183673,170.85999965667725,84.83008172803996
2020-08-01,7,245,3,0.012244897959183673,276.58000564575195,85.95897971026751
2020-08-01,8,245,2,0.00816326530612245,149.0,86.56714297557363
2020-08-01,9,245,5,0.02040816326530612,628.5100011825562,89.13248991917591
2020-08-01,10,245,1,0.004081632653061225,39.97999954223633,89.29567359077687
2020-08-01,11,245,1,0.004081632653061225,561.4500007629395,91.58730624695214
2020-08-01,12,245,4,0.0163265306122449,182.1899995803833,92.33093889830064
2020-08-01,13,245,4,0.0163265306122449,198.72999954223633,93.14208175357507
2020-08-01,14,245,2,0.00816326530612245,225.6299991607666,94.06302052565984
2020-08-01,15,245,1,0.004081632653061225,61.9900016784668,94.31604094067399
2020-08-01,16,245,1,0.004081632653061225,9.5,94.35481645087806
2020-08-01,17,245,5,0.02040816326530612,307.92999839782715,95.61167358719572
2020-08-01,18,245,2,0.00816326530612245,90.88000011444092,95.98261236317303
2020-08-01,19,245,3,0.012244897959183673,161.93999671936035,96.6435919416194
2020-08-01,21,245,1,0.004081632653061225,10.989999771118164,96.68844908354234
2020-08-01,22,245,1,0.004081632653061225,101.98999977111816,97.10473479689384
2020-08-01,24,245,1,0.004081632653061225,149.0,97.71289806219997
2020-08-01,25,245,1,0.004081632653061225,50.0,97.91697969485303
2020-08-01,26,245,3,0.012244897959183673,428.1199951171875,99.66440824635175
2020-08-01,27,245,1,0.004081632653061225,56.95000076293945,99.89685722905763
2020-08-01,28,245,1,0.004081632653061225,58.09000205993652,100.13395927828185
2020-08-01,29,245,1,0.004081632653061225,250.0,101.15436744154717
2020-08-01,30,245,2,0.00816326530612245,109.97000122070312,101.60322458938677
2020-08-01,31,245,4,0.0163265306122449,194.94000339508057,102.398898072632
2020-08-01,32,245,1,0.004081632653061225,34.97999954223633,102.54167358096765
2020-08-01,33,245,2,0.00816326530612245,82.39000034332275,102.87795929665468
2020-08-01,34,245,3,0.012244897959183673,219.91000080108643,103.77555113665912
2020-08-01,35,245,4,0.0163265306122449,548.6299953460693,106.01485724011246
2020-08-01,36,245,3,0.012244897959183673,525.8899965286255,108.16134702186196
2020-08-01,37,245,1,0.004081632653061225,115.98999786376952,108.63477558457122
2020-08-01,38,245,3,0.012244897959183673,327.040002822876,109.9696327389503
2020-08-01,39,245,3,0.012244897959183673,114.5,110.43697967772582
2020-08-01,40,245,1,0.004081632653061225,6.96999979019165,110.46542865646128
2020-08-01,41,245,2,0.00816326530612245,154.1500015258789,111.09461233615875
2020-08-01,42,245,3,0.012244897959183673,305.7900085449219,112.34273482001558
2020-08-01,43,245,2,0.00816326530612245,268.64000129699707,113.43922462122781
2020-08-01,44,245,4,0.0163265306122449,646.9199981689453,116.07971440967249
2020-08-01,45,245,2,0.00816326530612245,77.3799991607666,116.39555114094092
2020-08-01,47,245,1,0.004081632653061225,39.950000762939446,116.55861236854476
2020-08-01,48,245,3,0.012244897959183673,431.8999996185303,118.32146950984487
2020-08-01,49,245,3,0.012244897959183673,256.9900016784668,119.37040829220597
2020-08-01,50,245,3,0.012244897959183673,105.9900016784668,119.80302054395482
2020-08-01,51,245,2,0.00816326530612245,77.98999977111816,120.12134707363285
2020-08-01,52,245,4,0.0163265306122449,316.98999977111816,121.41518380739251
2020-08-01,53,245,3,0.012244897959183673,291.4600009918213,122.60481646450198
2020-08-01,54,245,1,0.004081632653061225,15.0,122.6660409542979
2020-08-01,55,245,1,0.004081632653061225,13.600000381469728,122.72155115993655
2020-08-01,56,245,1,0.004081632653061225,31.5,122.85012258850799
2020-08-01,57,245,3,0.012244897959183673,411.52999782562256,124.52983686534726
2020-08-01,58,245,4,0.0163265306122449,303.4199981689453,125.7682858374654
2020-08-01,60,245,1,0.004081632653061225,19.989999771118164,125.84987767326588
2020-08-01,61,245,4,0.0163265306122449,214.42000198364258,126.72506135483178
2020-08-01,62,245,1,0.004081632653061225,49.5,126.92710217115831
2020-08-01,63,245,4,0.0163265306122449,320.28000259399414,128.2343674878685
2020-08-01,64,245,4,0.0163265306122449,237.61000061035156,129.2042042250536
2020-08-01,65,245,1,0.004081632653061225,93.75,129.58685728627808
2020-08-01,66,245,2,0.00816326530612245,73.94000244140625,129.88865321461034
2020-08-01,67,245,5,0.02040816326530612,998.9500064849854,133.9660001798552
2020-08-01,68,245,2,0.00816326530612245,88.32999706268309,134.32653078011103
2020-08-01,69,245,1,0.004081632653061225,67.4900016784668,134.60200017471703
2020-08-01,70,245,3,0.012244897959183673,280.939998626709,135.7486940466628
2020-08-01,71,245,4,0.0163265306122449,184.75,136.50277567931585
2020-08-01,72,245,5,0.02040816326530612,379.58999824523926,138.05212261092908
2020-09-01,0,226,226,1.0,20796.499999523163,92.01991150231488
2020-09-01,1,226,5,0.022123893805309734,549.3800039291382,94.45079647545266
2020-09-01,2,226,4,0.017699115044247787,766.340009689331,97.84168147407802
2020-09-01,3,226,2,0.008849557522123894,311.439998626709,99.21973456534664
2020-09-01,4,226,2,0.008849557522123894,44.989999771118164,99.41880536079407
2020-09-01,5,226,1,0.004424778761061947,25.0,99.52942482982061
2020-09-01,6,226,2,0.008849557522123894,50.15999984741211,99.75137173180032
2020-09-01,7,226,1,0.004424778761061947,54.9900016784668,99.99469032329796
2020-09-01,8,226,3,0.01327433628318584,151.64999961853027,100.66570802072508
2020-09-01,9,226,2,0.008849557522123894,42.96999931335449,100.85584076104966
2020-09-01,10,226,3,0.01327433628318584,61.969998359680176,101.13004429361462
2020-09-01,11,226,4,0.017699115044247787,172.6200008392334,101.89384960706255
2020-09-01,12,226,2,0.008849557522123894,276.8500003814697,103.11884960875047
2020-09-01,13,226,1,0.004424778761061947,108.98999786376952,103.60110623646626
2020-09-01,14,226,2,0.008849557522123894,45.39999961853027,103.80199119053056
2020-09-01,15,226,1,0.004424778761061947,129.99000549316406,104.37716820598703
2020-09-01,16,226,2,0.008849557522123894,176.9900016784668,105.16030980633424
2020-09-01,18,226,1,0.004424778761061947,209.9900054931641,106.08946912267567
2020-09-01,19,226,8,0.035398230088495575,327.1699995994568,107.53712398815999
2020-09-01,20,226,2,0.008849557522123894,195.80999946594238,108.40353991500044
2020-09-01,21,226,2,0.008849557522123894,291.0800037384033,109.69150453331196
2020-09-01,22,226,3,0.01327433628318584,171.98999977111816,110.45252223141425
2020-09-01,23,226,2,0.008849557522123894,104.43999862670898,110.91464611914306
2020-09-01,25,226,3,0.01327433628318584,85.9399995803833,111.29491160401201
2020-09-01,26,226,3,0.01327433628318584,314.9600028991699,112.68853993542426
2020-09-01,27,226,5,0.022123893805309734,351.70000553131104,114.24473465016457
2020-09-01,29,226,3,0.01327433628318584,171.94999742507935,115.00557534673572
2020-09-01,30,226,1,0.004424778761061947,22.0,115.1029204794791
2020-09-01,31,226,3,0.01327433628318584,297.95999908447266,116.4213275550741
2020-09-01,32,226,2,0.008849557522123894,75.97999954223633,116.75752224331409
2020-09-01,33,226,1,0.004424778761061947,11.949999809265137,116.81039834866482
2020-09-01,34,226,2,0.008849557522123894,206.5,117.7241151628241
2020-09-01,35,226,1,0.004424778761061947,59.9900016784668,117.98955764812706
2020-09-01,36,226,3,0.01327433628318584,277.310001373291,119.21659305243365
2020-09-01,37,226,2,0.008849557522123894,97.5,119.64800898163719
2020-09-01,39,226,1,0.004424778761061947,179.0,120.44004437986729
2020-09-01,40,226,1,0.004424778761061947,46.220001220703125,120.64455765960491
2020-09-01,41,226,2,0.008849557522123894,114.48999977111816,121.15115057894614
2020-09-01,42,226,1,0.004424778761061947,146.95000076293945,121.80137182126003
2020-09-01,44,226,3,0.01327433628318584,169.89999961853027,122.55314173107654
2020-09-01,46,226,2,0.008849557522123894,31.27000093460083,122.69150456707034
2020-09-01,47,226,3,0.01327433628318584,149.95999908447266,123.35504438602818
2020-09-01,50,226,5,0.022123893805309734,183.06999969482422,124.16508863246547
2020-09-01,52,226,4,0.017699115044247787,773.4100036621094,127.5872567902624
2020-09-01,54,226,1,0.004424778761061947,53.97999954223633,127.82610634575903
2020-09-01,55,226,1,0.004424778761061947,57.9900016784668,128.08269927353984
2020-09-01,56,226,2,0.008849557522123894,156.0,128.77296476026552
2020-09-01,58,226,4,0.017699115044247787,262.459997177124,129.93429218140324
2020-09-01,59,226,1,0.004424778761061947,217.70000076293945,130.89756652106226
2020-09-01,60,226,1,0.004424778761061947,69.98999786376953,131.20725677709663
2020-09-01,63,226,4,0.017699115044247787,712.7799987792969,134.36115057700502
2020-09-01,64,226,3,0.01327433628318584,300.6100034713745,135.69128333572792
2020-09-01,65,226,3,0.01327433628318584,131.25,136.27203554811732
2020-09-01,66,226,3,0.01327433628318584,322.2100009918213,137.69774351710768
2020-09-01,67,226,2,0.008849557522123894,164.5,138.42561962330237
2020-09-01,68,226,3,0.01327433628318584,80.72000026702881,138.7827877660768
2020-09-01,69,226,4,0.017699115044247787,265.97000312805176,139.95964618699742
2020-09-01,71,226,2,0.008849557522123894,106.21999931335449,140.42964618395916
2020-10-01,0,244,244,1.0,22601.62007832527,92.62959048493964
2020-10-01,1,244,1,0.004098360655737705,182.2800006866455,93.37663966808162
2020-10-01,2,244,6,0.02459016393442623,612.1000003814697,95.88524622702208
2020-10-01,3,244,2,0.00819672131147541,282.23999786376953,97.04196752974245
2020-10-01,4,244,2,0.00819672131147541,49.989999771118164,97.24684457798473
2020-10-01,6,244,3,0.012295081967213115,642.2299900054932,99.87893470095807
2020-10-01,7,244,2,0.00819672131147541,190.97000122070312,100.66159864038717
2020-10-01,8,244,3,0.012295081967213115,246.9799976348877,101.67381174544819
2020-10-01,9,244,7,0.028688524590163935,883.5799970626831,105.29504124160673
2020-10-01,10,244,4,0.01639344262295082,146.94000053405762,105.89725435854959
2020-10-01,11,244,1,0.004098360655737705,26.690000534057617,106.00663960664
2020-10-01,12,244,4,0.01639344262295082,243.8100070953369,107.00586094719465
2020-10-01,14,244,3,0.012295081967213115,229.04999828338623,107.94459044835607
2020-10-01,16,244,1,0.004098360655737705,243.9499969482422,108.94438551781607
2020-10-01,18,244,2,0.00819672131147541,152.66000080108643,109.57004125880414
2020-10-01,19,244,5,0.020491803278688523,364.7400016784668,111.06487733125687
2020-10-01,20,244,3,0.012295081967213115,589.4899978637695,113.48081994545264
2020-10-01,21,244,3,0.012295081967213115,100.9800033569336,113.89467241822696
2020-10-01,22,244,1,0.004098360655737705,211.4900016784668,114.76143472018789
2020-10-01,23,244,6,0.02459016393442623,732.8699855804443,117.76500023486184
2020-10-01,24,244,2,0.00819672131147541,185.78000259399414,118.52639368811592
2020-10-01,25,244,3,0.012295081967213115,113.9900016784668,118.99356582614242
2020-10-01,26,244,4,0.01639344262295082,130.9900016784668,119.53041009531647
2020-10-01,27,244,2,0.00819672131147541,135.78999996185303,120.08692648860274
2020-10-01,28,244,3,0.012295081967213115,222.98999977111816,121.00081993028766
2020-10-01,30,244,1,0.004098360655737705,63.97999954223633,121.26303304316568
2020-10-01,31,244,2,0.00819672131147541,143.93999671936035,121.85295106250732
2020-10-01,32,244,3,0.012295081967213115,466.8999938964844,123.76647562765685
2020-10-01,33,244,3,0.012295081967213115,320.6800003051758,125.08073792398953
2020-10-01,34,244,1,0.004098360655737705,104.0,125.50696743218626
2020-10-01,35,244,5,0.020491803278688523,318.7299995422363,126.81323792211344
2020-10-01,36,244,1,0.004098360655737705,66.33000183105469,127.08508219191286
2020-10-01,37,244,1,0.004098360655737705,36.0,127.23262317551941
2020-10-01,38,244,2,0.00819672131147541,65.98999977111816,127.5030739942535
2020-10-01,39,244,1,0.004098360655737705,249.9900054931641,128.52762319709433
2020-10-01,40,244,1,0.004098360655737705,127.15000152587892,129.048729760725
2020-10-01,41,244,5,0.020491803278688523,398.0800018310547,130.68020517806536
2020-10-01,42,244,2,0.00819672131147541,379.850004196167,132.23696749034474
2020-10-01,44,244,5,0.020491803278688523,426.2200012207031,133.98377077403615
2020-10-01,46,244,4,0.01639344262295082,266.82999992370605,135.07733634749397
2020-10-01,48,244,3,0.012295081967213115,76.35000228881836,135.39024619293994
2020-10-01,49,244,1,0.004098360655737705,127.98999977111816,135.91479537232976
2020-10-01,50,244,1,0.004098360655737705,14.989999771118164,135.97622979762124
2020-10-01,51,244,1,0.004098360655737705,49.950000762939446,136.18094291550213
2020-10-01,52,244,1,0.004098360655737705,69.0,136.46372980074804
2020-10-01,53,244,3,0.012295081967213115,220.95000076293945,137.3692625907601
2020-10-01,54,244,2,0.00819672131147541,56.989999771118164,137.60282816359253
2020-10-01,55,244,1,0.004098360655737705,14.989999771118164,137.66426258888401
2020-10-01,56,244,1,0.004098360655737705,69.98999786376953,137.95110684242405
2020-10-01,57,244,1,0.004098360655737705,13.489999771118164,138.00639372673191
2020-10-01,58,244,2,0.00819672131147541,203.01000213623047,138.83840193220826
2020-10-01,59,244,2,0.00819672131147541,1188.4799995422363,143.70922160246334
2020-10-01,60,244,4,0.01639344262295082,462.9700002670288,145.6066396363446
2020-10-01,61,244,1,0.004098360655737705,24.989999771118164,145.70905766819345
2020-10-01,62,244,4,0.01639344262295082,707.410005569458,148.6082790024945
2020-10-01,63,244,1,0.004098360655737705,307.99000549316406,149.87053312336812
2020-10-01,64,244,2,0.00819672131147541,45.54999923706055,150.05721344811016
2020-10-01,66,244,3,0.012295081967213115,289.96999740600586,151.2456150768233
2020-10-01,67,244,3,0.012295081967213115,407.95000171661377,152.91754131336683
2020-10-01,68,244,1,0.004098360655737705,250.89999675750732,153.9458199886025
2020-10-01,69,244,1,0.004098360655737705,98.0,154.3474593328648
2020-10-01,70,244,2,0.00819672131147541,110.27999877929688,154.79942654097667
2020-11-01,0,247,247,1.0,22206.860027074814,89.90631589908831
2020-11-01,1,247,2,0.008097165991902834,230.79999923706055,90.84072885146507
2020-11-01,2,247,3,0.012145748987854251,434.5799961090088,92.60016203409265
2020-11-01,3,247,2,0.008097165991902834,173.47999954223633,93.30251021037701
2020-11-01,5,247,2,0.008097165991902834,279.7700004577637,94.43518227700763
2020-11-01,6,247,2,0.008097165991902834,69.98999977111816,94.71854259996762
2020-11-01,7,247,4,0.016194331983805668,510.79000091552734,96.78651831217623
2020-11-01,8,247,1,0.004048582995951417,25.0,96.88773288707502
2020-11-01,10,247,4,0.016194331983805668,404.330002784729,98.52469646110225
2020-11-01,11,247,1,0.004048582995951417,219.85000038146973,99.41477743430659
2020-11-01,12,247,1,0.004048582995951417,250.0,100.42692318329445
2020-11-01,13,247,1,0.004048582995951417,158.0,101.06659929665477
2020-11-01,14,247,4,0.016194331983805668,114.84000015258789,101.5315385685276
2020-11-01,15,247,4,0.016194331983805668,193.47999954223633,102.31485840473098
2020-11-01,16,247,3,0.012145748987854251,170.93000030517578,103.00688269746448
2020-11-01,18,247,2,0.008097165991902834,269.88999938964844,104.09955475977075
2020-11-01,19,247,4,0.016194331983805668,170.20999789237976,104.78866406297877
2020-11-01,20,247,4,0.016194331983805668,784.2400054931641,107.96372481396324
2020-11-01,21,247,1,0.004048582995951417,74.0,108.26331995566365
2020-11-01,22,247,2,0.008097165991902834,129.98999786376953,108.78959525065866
2020-11-01,23,247,2,0.008097165991902834,139.56000137329102,109.35461549913353
2020-11-01,24,247,4,0.016194331983805668,217.06000328063965,110.23340093751668
2020-11-01,25,247,2,0.008097165991902834,426.0,111.95809729379198
2020-11-01,26,247,3,0.012145748987854251,176.43000411987305,112.67238880844734
2020-11-01,27,247,3,0.012145748987854251,316.5200004577637,113.95384630017918
2020-11-01,28,247,3,0.012145748987854251,147.9699993133545,114.55291512331017
2020-11-01,29,247,1,0.004048582995951417,7.949999809265136,114.58510135735577
2020-11-01,30,247,4,0.016194331983805668,504.4900016784668,116.62757099977871
2020-11-01,31,247,2,0.008097165991902834,289.60999488830566,117.80008110054109
2020-11-01,32,247,2,0.008097165991902834,159.48999786376953,118.44578959391667
2020-11-01,34,247,1,0.004048582995951417,250.0,119.45793534290453
2020-11-01,35,247,1,0.004048582995951417,43.13999938964844,119.63259121087881
2020-11-01,36,247,1,0.004048582995951417,15.0,119.69331995581808
2020-11-01,38,247,2,0.008097165991902834,296.75,120.89473695986666
2020-11-01,39,247,1,0.004048582995951417,69.17999935150146,121.17481792890109
2020-11-01,40,247,2,0.008097165991902834,112.93999862670898,121.63206488690396
2020-11-01,41,247,4,0.016194331983805668,269.8699998855591,122.72465597955804
2020-11-01,42,247,5,0.020242914979757085,428.3499984741211,124.45886649969619
2020-11-01,43,247,2,0.008097165991902834,116.0,124.92850212722655
2020-11-01,44,247,3,0.012145748987854251,190.95000076293945,125.7015790533923
2020-11-01,45,247,3,0.012145748987854251,297.460000038147,126.90587055152244
2020-11-01,46,247,3,0.012145748987854251,119.44000148773193,127.38943331058209
2020-11-01,47,247,4,0.016194331983805668,274.38000106811523,128.5002835173356
2020-11-01,48,247,2,0.008097165991902834,50.58999824523925,128.70510132399647
2020-11-01,49,247,4,0.016194331983805668,315.88000106811523,129.98396772508195
2020-11-01,50,247,5,0.020242914979757085,601.0599994659424,132.41740901846634
2020-11-01,51,247,1,0.004048582995951417,79.98999786376953,132.7412551636638
2020-11-01,52,247,6,0.024291497975708502,415.77000427246094,134.42453453318794
2020-11-01,53,247,1,0.004048582995951417,164.0,135.08850214452397
2020-11-01,54,247,4,0.016194331983805668,649.2899990081787,137.71720659394978
2020-11-01,55,247,2,0.008097165991902834,98.9900016784668,138.11797583151443
2020-11-01,56,247,4,0.016194331983805668,111.93000221252441,138.57113373520886
2020-11-01,57,247,1,0.004048582995951417,330.0,139.90716612387283
2020-11-01,58,247,1,0.004048582995951417,32.95000076293945,140.04056693667826
2020-11-01,59,247,2,0.008097165991902834,114.05999755859375,140.50234830331223
2020-11-01,60,247,1,0.004048582995951417,59.5,140.74323899157133
2020-11-01,61,247,4,0.016194331983805668,341.3900032043457,142.12538475353224
2020-11-01,62,247,1,0.004048582995951417,89.98999786376953,142.48971672868922
2020-11-01,63,247,3,0.012145748987854251,108.67000150680542,142.92967624895968
2020-11-01,66,247,2,0.008097165991902834,77.55999851226807,143.24368434010248
2020-11-01,67,247,3,0.012145748987854251,94.09000015258789,143.6246155148093
2020-11-01,68,247,4,0.016194331983805668,289.95000076293945,144.79850215757423
2020-11-01,69,247,3,0.012145748987854251,310.04999828338623,146.05376530851913
2020-12-01,0,240,240,1.0,21305.50003886223,88.77291682859261
2020-12-01,1,240,3,0.0125,350.27999782562256,90.23241681953272
2020-12-01,3,240,2,0.008333333333333333,282.20999336242676,91.40829179187615
2020-12-01,4,240,3,0.0125,162.92999839782715,92.08716678520044
2020-12-01,5,240,5,0.020833333333333332,244.42999649047852,93.10562510391077
2020-12-01,6,240,3,0.0125,307.8300018310547,94.38825011154016
2020-12-01,7,240,3,0.0125,168.45000076293945,95.09012511471907
2020-12-01,9,240,3,0.0125,209.8499984741211,95.96450010836125
2020-12-01,10,240,4,0.016666666666666666,488.9299964904785,98.00170842707158
2020-12-01,11,240,4,0.016666666666666666,140.9699993133545,98.58908342421054
2020-12-01,12,240,5,0.020833333333333332,484.520001411438,100.60791676342487
2020-12-01,13,240,4,0.016666666666666666,255.77999591827393,101.67366674641768
2020-12-01,14,240,1,0.004166666666666667,39.9900016784668,101.8402917534113
2020-12-01,15,240,2,0.008333333333333333,203.47999572753903,102.68812506894271
2020-12-01,16,240,2,0.008333333333333333,398.0099935531616,104.34650004208088
2020-12-01,17,240,1,0.004166666666666667,17.280000686645508,104.41850004494191
2020-12-01,18,240,3,0.0125,176.89000129699707,105.15554171701272
2020-12-01,19,240,1,0.004166666666666667,89.98999786376953,105.5305000414451
2020-12-01,20,240,2,0.008333333333333333,179.98000717163086,106.28041673799356
2020-12-01,21,240,2,0.008333333333333333,278.92999839782715,107.44262506465117
2020-12-01,22,240,2,0.008333333333333333,58.33000183105469,107.68566673894723
2020-12-01,24,240,2,0.008333333333333333,85.98000144958496,108.04391674498717
2020-12-01,25,240,4,0.016666666666666666,329.0100040435791,109.41479176183542
2020-12-01,26,240,1,0.004166666666666667,58.0,109.65645842850208
2020-12-01,28,240,1,0.004166666666666667,398.5999984741211,111.31729175547758
2020-12-01,29,240,1,0.004166666666666667,147.1300048828125,111.9303334424893
2020-12-01,30,240,2,0.008333333333333333,69.48999977111816,112.2198751082023
2020-12-01,32,240,2,0.008333333333333333,293.18000411987305,113.44145845870177
2020-12-01,33,240,3,0.0125,557.9899997711182,115.76641679108143
2020-12-01,34,240,1,0.004166666666666667,44.22999954223633,115.95070845584074
2020-12-01,35,240,2,0.008333333333333333,99.15000152587889,116.36383346219857
2020-12-01,36,240,2,0.008333333333333333,129.78000259399414,116.90458347300688
2020-12-01,37,240,2,0.008333333333333333,203.0,117.75041680634021
2020-12-01,38,240,1,0.004166666666666667,74.5,118.06083347300688
2020-12-01,39,240,4,0.016666666666666666,384.37000370025635,119.66237515509128
2020-12-01,40,240,2,0.008333333333333333,119.0,120.15820848842462
2020-12-01,41,240,3,0.0125,170.9000015258789,120.87029182811578
2020-12-01,43,240,4,0.016666666666666666,183.93000030517578,121.63666682938735
2020-12-01,45,240,2,0.008333333333333333,180.6699981689453,122.38945848842462
2020-12-01,46,240,2,0.008333333333333333,139.5,122.97070848842462
2020-12-01,47,240,1,0.004166666666666667,25.989999771118164,123.07900015413762
2020-12-01,48,240,2,0.008333333333333333,365.9499969482422,124.60379180808862
2020-12-01,49,240,1,0.004166666666666667,58.0,124.84545847475529
2020-12-01,50,240,5,0.020833333333333332,300.7899956703186,126.09875012338162
2020-12-01,51,240,1,0.004166666666666667,71.5,126.39666679004829
2020-12-01,52,240,1,0.004166666666666667,32.9900016784668,126.53412513037523
2020-12-01,53,240,5,0.020833333333333332,607.6799983978271,129.0661251236995
2020-12-01,54,240,2,0.008333333333333333,190.6199951171875,129.86037510335444
2020-12-01,55,240,3,0.0125,183.3899974822998,130.62450009286403
2020-12-01,56,240,2,0.008333333333333333,93.94000244140625,131.01591676970324
2020-12-01,57,240,1,0.004166666666666667,25.0,131.1200834363699
2020-12-01,58,240,2,0.008333333333333333,152.42000007629395,131.75516677002113
2020-12-01,60,240,3,0.0125,144.14000129699707,132.3557501087586
2020-12-01,61,240,4,0.016666666666666666,536.2899932861328,134.59029174745083
2020-12-01,63,240,2,0.008333333333333333,443.4799995422363,136.43812507887682
2020-12-01,64,240,1,0.004166666666666667,129.99000549316406,136.979750101765
2020-12-01,65,240,2,0.008333333333333333,128.44000053405762,137.5149167706569
2020-12-01,66,240,3,0.0125,250.47999572753906,138.55858341952165
2020-12-01,67,240,3,0.0125,153.94999980926514,139.20004175206026
2020-12-01,68,240,1,0.004166666666666667,119.98999786376952,139.7000000764926
2021-01-01,0,281,281,1.0,22332.349983215332,79.47455510041044
2021-01-01,1,281,3,0.010676156583629894,48.3799991607666,79.64672591592918
2021-01-01,2,281,4,0.014234875444839857,173.42999982833862,80.26391452741792
2021-01-01,3,281,2,0.0071174377224199285,204.42000007629395,80.99138783729798
2021-01-01,4,281,2,0.0071174377224199285,217.45000076293945,81.76523125638317
2021-01-01,5,281,4,0.014234875444839857,343.18999671936035,82.98654797068694
2021-01-01,6,281,1,0.0035587188612099642,168.2599983215332,83.58533800030094
2021-01-01,7,281,3,0.010676156583629894,154.47999954223633,84.1350888883516
2021-01-01,8,281,3,0.010676156583629894,243.94000244140625,85.00320277604344
2021-01-01,9,281,6,0.021352313167259787,898.759991645813,88.2016369100143
2021-01-01,10,281,3,0.010676156583629894,282.4499979019165,89.20679704489658
2021-01-01,11,281,3,0.010676156583629894,310.8399953842163,90.3129891992888
2021-01-01,12,281,3,0.010676156583629894,615.3299980163574,92.5027756690979
2021-01-01,13,281,2,0.0071174377224199285,52.989999771118164,92.69135218073889
2021-01-01,14,281,2,0.0071174377224199285,64.21000099182129,92.91985752234679
2021-01-01,15,281,2,0.0071174377224199285,45.0,93.07999987110125
2021-01-01,17,281,4,0.014234875444839857,400.3700008392334,94.50480414455048
2021-01-01,18,281,3,0.010676156583629894,221.34000396728516,95.29249099140914
2021-01-01,19,281,5,0.017793594306049824,614.310001373291,97.47864757992619
2021-01-01,20,281,4,0.014234875444839857,306.839994430542,98.57060485547971
2021-01-01,21,281,3,0.010676156583629894,164.93999671936035,99.15757993277282
2021-01-01,22,281,5,0.017793594306049824,449.19000244140625,100.756120866728
2021-01-01,23,281,1,0.0035587188612099642,112.65999794006346,101.15704612630118
2021-01-01,24,281,4,0.014234875444839857,109.76000118255615,101.54765111271597
2021-01-01,25,281,1,0.0035587188612099642,36.0,101.67576499171953
2021-01-01,26,281,3,0.010676156583629894,157.92999649047852,102.23779344898102
2021-01-01,27,281,4,0.014234875444839857,214.45999908447266,103.000996292698
2021-01-01,28,281,2,0.0071174377224199285,475.0,104.69138775177274
2021-01-01,29,281,1,0.0035587188612099642,88.0,105.0045550115592
2021-01-01,30,281,2,0.0071174377224199285,235.6999969482422,105.84334503628605
2021-01-01,31,281,4,0.014234875444839857,97.74000072479248,106.19117422036004
2021-01-01,32,281,3,0.010676156583629894,100.94000053405762,106.55039130411114
2021-01-01,33,281,5,0.017793594306049824,695.4999961853027,109.02548025850723
2021-01-01,34,281,3,0.010676156583629894,148.98999977111816,109.55569378082438
2021-01-01,35,281,3,0.010676156583629894,392.8899917602539,110.95387880488222
2021-01-01,36,281,5,0.017793594306049824,302.9199981689453,112.03188591580374
2021-01-01,37,281,3,0.010676156583629894,325.6000003814697,113.19060477837125
2021-01-01,38,281,1,0.0035587188612099642,14.989999771118164,113.24394997328626
2021-01-01,39,281,4,0.014234875444839857,89.21000003814697,113.56142328303055
2021-01-01,40,281,6,0.021352313167259787,807.9599981307983,116.43672576748179
2021-01-01,41,281,2,0.0071174377224199285,113.91000175476074,116.84209943920692
2021-01-01,42,281,2,0.0071174377224199285,68.40999984741211,117.08555139595927
2021-01-01,43,281,3,0.010676156583629894,238.8000030517578,117.93537347087657
2021-01-01,44,281,1,0.0035587188612099642,34.95000076293945,118.05975069779095
2021-01-01,45,281,1,0.0035587188612099642,50.0,118.23768664085144
2021-01-01,46,281,1,0.0035587188612099642,36.95000076293945,118.36918130548824
2021-01-01,47,281,2,0.0071174377224199285,73.94999980926514,118.63234856459594
2021-01-01,48,281,2,0.0071174377224199285,156.98999977111816,119.19103183780277
2021-01-01,49,281,2,0.0071174377224199285,358.9799995422363,120.46854073297087
2021-01-01,50,281,2,0.0071174377224199285,354.98000717163086,121.731814779845
2021-01-01,51,281,5,0.017793594306049824,368.42000007629395,123.04291798296349
2021-01-01,52,281,4,0.014234875444839857,201.48999977111816,123.75996424549415
2021-01-01,53,281,5,0.017793594306049824,375.310001373291,125.09558702618202
2021-01-01,54,281,3,0.010676156583629894,230.83999824523926,125.91708168185903
2021-01-01,55,281,8,0.028469750889679714,931.5200033187866,129.23209948726395
2021-01-01,56,281,4,0.014234875444839857,207.75000286102295,129.97142334086192
2021-01-01,57,281,1,0.0035587188612099642,75.98999977111816,130.24185038631072
2021-01-01,58,281,4,0.014234875444839857,570.950005531311,132.27370093980295
2021-01-01,59,281,2,0.0071174377224199285,488.1000061035156,134.0107116376802
2021-01-01,60,281,1,0.0035587188612099642,25.0,134.09967960921045
2021-01-01,61,281,2,0.0071174377224199285,128.95000076293945,134.55857640907857
2021-01-01,62,281,3,0.010676156583629894,229.76000022888184,135.3762276554447
2021-01-01,63,281,5,0.017793594306049824,93.22000122070312,135.70797143203083
2021-01-01,64,281,6,0.021352313167259787,698.6000032424927,138.19409244001125
2021-01-01,65,281,3,0.010676156583629894,380.789999961853,139.54921699503564
2021-01-01,66,281,2,0.0071174377224199285,61.0,139.76629884556942
2021-01-01,67,281,3,0.010676156583629894,112.97000122070312,140.16832731966446
2021-02-01,0,225,225,1.0,19741.020094156265,87.73786708513896
2021-02-01,1,225,4,0.017777777777777778,349.4200038909912,89.29084488021003
2021-02-01,2,225,1,0.0044444444444444444,32.0,89.43306710243225
2021-02-01,3,225,1,0.0044444444444444444,70.0,89.74417821354336
2021-02-01,4,225,1,0.0044444444444444444,14.989999771118164,89.81080043474833
2021-02-01,5,225,1,0.0044444444444444444,22.26000022888184,89.90973376909892
2021-02-01,7,225,2,0.008888888888888889,114.88000106811523,90.42031155162387
2021-02-01,8,225,2,0.008888888888888889,199.7000026702881,91.30786711904737
2021-02-01,9,225,3,0.013333333333333334,186.94000053405762,92.1387115658654
2021-02-01,10,225,2,0.008888888888888889,134.98999977111816,92.73866712040372
2021-02-01,12,225,2,0.008888888888888889,123.73999786376953,93.28862266646492
2021-02-01,13,225,2,0.008888888888888889,199.87000274658203,94.17693378978305
2021-02-01,14,225,2,0.008888888888888889,143.98999786376953,94.81688933584425
2021-02-01,15,225,3,0.013333333333333334,345.8400001525879,96.35395600318908
2021-02-01,16,225,2,0.008888888888888889,112.93999862670898,96.85591155264113
2021-02-01,17,225,2,0.008888888888888889,69.99999809265137,97.16702265527513
2021-02-01,18,225,2,0.008888888888888889,153.9499969482422,97.85124486393399
2021-02-01,19,225,1,0.0044444444444444444,25.0,97.9623559750451
2021-02-01,20,225,3,0.013333333333333334,372.6000061035156,99.61835600217184
2021-02-01,21,225,1,0.0044444444444444444,131.9499969482422,100.20480043305291
2021-02-01,22,225,4,0.017777777777777778,629.2999992370605,103.00168931855096
2021-02-01,23,225,4,0.017777777777777778,170.74000072479248,103.7605337662167
2021-02-01,24,225,4,0.017777777777777778,272.74999809265137,104.97275597996182
2021-02-01,25,225,4,0.017777777777777778,206.98999977111816,105.89271153450012
2021-02-01,26,225,2,0.008888888888888889,947.939998626709,110.10577819506328
2021-02-01,27,225,2,0.008888888888888889,187.93999767303467,110.9410670736101
2021-02-01,28,225,3,0.013333333333333334,80.59000015258789,111.29924485206604
2021-02-01,29,225,6,0.02666666666666667,877.7900009155273,115.20053374502393
2021-02-01,31,225,3,0.013333333333333334,99.45000076293945,115.64253374841478
2021-02-01,32,225,3,0.013333333333333334,275.75000381469727,116.86808932092455
2021-02-01,33,225,4,0.017777777777777778,164.4699993133545,117.59906709565057
2021-02-01,34,225,3,0.013333333333333334,131.88999938964844,118.18524487071568
2021-02-01,35,225,6,0.02666666666666667,617.4899969100952,120.92964485698276
2021-02-01,36,225,1,0.0044444444444444444,88.0,121.32075596809388
2021-02-01,37,225,4,0.017777777777777778,412.8400077819824,123.15560044712491
2021-02-01,38,225,2,0.008888888888888889,405.07999992370605,124.95595600234138
2021-02-01,39,225,1,0.0044444444444444444,10.0,125.00040044678582
2021-02-01,41,225,2,0.008888888888888889,194.87999725341797,125.86653376791212
2021-02-01,43,225,4,0.017777777777777778,409.95000076293945,127.68853377130297
2021-02-01,44,225,1,0.0044444444444444444,74.9800033569336,128.0217782306671
2021-02-01,45,225,3,0.013333333333333334,101.88000106811523,128.4745782354143
2021-02-01,46,225,1,0.0044444444444444444,34.9900016784668,128.63008935398526
2021-02-01,47,225,3,0.013333333333333334,248.49000549316406,129.73448937839933
2021-02-01,48,225,2,0.008888888888888889,59.95000076293945,130.00093382623461
2021-02-01,49,225,2,0.008888888888888889,91.62999725341797,130.40817825847202
2021-02-01,50,225,4,0.017777777777777778,204.83999824523926,131.31857825067308
2021-02-01,51,225,4,0.017777777777777778,119.97000122070312,131.85177825609844
2021-02-01,52,225,1,0.0044444444444444444,64.94999694824219,132.14044490920173
2021-02-01,53,225,3,0.013333333333333334,141.66000270843506,132.77004492123922
2021-02-01,54,225,1,0.0044444444444444444,195.0,133.6367115879059
2021-02-01,55,225,5,0.022222222222222223,600.910005569458,136.30742272377015
2021-02-01,56,225,3,0.013333333333333334,105.9000015258789,136.77808939721848
2021-02-01,57,225,2,0.008888888888888889,103.58999633789062,137.23848938094244
2021-02-01,58,225,1,0.0044444444444444444,207.64999961853027,138.1613782681359
2021-02-01,59,225,2,0.008888888888888889,109.88000297546385,138.64973383691577
2021-02-01,60,225,2,0.008888888888888889,55.0,138.8941782813602
2021-02-01,61,225,1,0.0044444444444444444,111.59000205993652,139.39013384607102
2021-02-01,62,225,4,0.017777777777777778,258.1400032043457,140.53742274920145
2021-02-01,63,225,2,0.008888888888888889,139.9800033569336,141.1595560974545
2021-02-01,64,225,2,0.008888888888888889,61.94000053405762,141.43484498871697
2021-02-01,66,225,3,0.013333333333333334,88.9000015258789,141.82995610660976
2021-03-01,0,290,290,1.0,24378.8999979496,84.06517240672277
2021-03-01,1,290,3,0.010344827586206896,177.95000076293945,84.67879309900876
2021-03-01,2,290,4,0.013793103448275862,159.26999950408936,85.22799999385045
2021-03-01,4,290,5,0.017241379310344827,251.27999877929688,86.09448274826181
2021-03-01,5,290,1,0.0034482758620689655,166.0399980545044,86.66703446569115
2021-03-01,6,290,2,0.006896551724137931,124.98999977111816,87.09803446490189
2021-03-01,8,290,1,0.0034482758620689655,65.0,87.32217239593638
2021-03-01,9,290,3,0.010344827586206896,96.98000144958496,87.6565861940384
2021-03-01,10,290,2,0.006896551724137931,101.97999954223633,88.00824136487368
2021-03-01,11,290,3,0.010344827586206896,207.76999855041504,88.72468963573719
2021-03-01,12,290,2,0.006896551724137931,118.96999931335449,89.13493101267979
2021-03-01,13,290,2,0.006896551724137931,72.28000068664551,89.38417239435788
2021-03-01,14,290,5,0.017241379310344827,194.47999954223633,90.05479308243456
2021-03-01,15,290,1,0.0034482758620689655,11.159999847412108,90.09327584052907
2021-03-01,16,290,5,0.017241379310344827,662.0900020599365,92.37634481314956
2021-03-01,17,290,3,0.010344827586206896,95.78000068664551,92.70662067758626
2021-03-01,19,290,2,0.006896551724137931,422.88999938964844,94.16486205479194
2021-03-01,20,290,4,0.013793103448275862,343.2200012207031,95.34837930038057
2021-03-01,21,290,5,0.017241379310344827,1114.2300052642822,99.19055173232637
2021-03-01,22,290,3,0.010344827586206896,275.8799934387207,100.14186205452886
2021-03-01,23,290,3,0.010344827586206896,155.43000030517578,100.67782757282257
2021-03-01,24,290,2,0.006896551724137931,217.58000373840332,101.42810344778258
2021-03-01,25,290,2,0.006896551724137931,58.0,101.62810344778258
2021-03-01,26,290,1,0.0034482758620689655,14.989999771118164,101.67979310216575
2021-03-01,27,290,2,0.006896551724137931,487.9799976348877,103.3624827491826
2021-03-01,28,290,7,0.02413793103448276,459.94999504089355,104.94851721484086
2021-03-01,29,290,1,0.0034482758620689655,126.92999839782715,105.38620686448854
2021-03-01,30,290,4,0.013793103448275862,203.28999996185303,106.087206864357
2021-03-01,31,290,3,0.010344827586206896,181.9600019454956,106.71465514692767
2021-03-01,33,290,2,0.006896551724137931,417.62000846862793,108.15472414164708
2021-03-01,34,290,3,0.010344827586206896,87.9000015258789,108.45782759518458
2021-03-01,35,290,3,0.010344827586206896,141.89999771118164,108.9471379321197
2021-03-01,36,290,1,0.0034482758620689655,19.679999828338623,109.01500000049327
2021-03-01,37,290,2,0.006896551724137931,85.82000350952148,109.31093104707783
2021-03-01,38,290,1,0.0034482758620689655,51.43000030517578,109.48827587571637
2021-03-01,39,290,3,0.010344827586206896,152.92999649047852,110.01562069120078
2021-03-01,40,290,2,0.006896551724137931,382.5,111.33458620844216
2021-03-01,41,290,1,0.0034482758620689655,97.9900016784668,111.67248276595411
2021-03-01,42,290,4,0.013793103448275862,191.35000038146973,112.33231035347643
2021-03-01,43,290,1,0.0034482758620689655,124.0899963378906,112.7602068925726
2021-03-01,45,290,3,0.010344827586206896,160.5,113.31365516843466
2021-03-01,46,290,3,0.010344827586206896,287.98999786376953,114.30672412658559
2021-03-01,47,290,2,0.006896551724137931,228.5,115.09465516106836
2021-03-01,48,290,1,0.0034482758620689655,10.109999656677246,115.12951722885
2021-03-01,49,290,4,0.013793103448275862,202.17999839782715,115.82668963711838
2021-03-01,50,290,3,0.010344827586206896,344.6799964904785,117.01524134915451
2021-03-01,51,290,5,0.017241379310344827,174.95000076293945,117.61851721385429
2021-03-01,52,290,5,0.017241379310344827,647.0800046920776,119.84982757486146
2021-03-01,53,290,4,0.013793103448275862,378.20000076293945,121.15396550852677
2021-03-01,54,290,3,0.010344827586206896,130.80999946594238,121.60503447220243
2021-03-01,55,290,5,0.017241379310344827,344.6000003814697,122.79331033558681
2021-03-01,56,290,7,0.02413793103448276,340.4500045776367,123.96727586861314
2021-03-01,57,290,1,0.0034482758620689655,39.9900016784668,124.1051724261251
2021-03-01,58,290,4,0.013793103448275862,228.6500015258789,124.89362070724881
2021-03-01,59,290,1,0.0034482758620689655,35.0,125.01431036242123
2021-03-01,60,290,6,0.020689655172413793,630.6800022125244,127.18906899074028
2021-03-01,61,290,3,0.010344827586206896,561.439998626709,129.1250689860048
2021-03-01,62,290,3,0.010344827586206896,458.0899963378906,130.704689663032
2021-03-01,63,290,2,0.006896551724137931,62.9900016784668,130.92189656537155
2021-03-01,64,290,3,0.010344827586206896,114.92999839782715,131.3182069046744
2021-03-01,65,290,2,0.006896551724137931,198.85000228881836,132.00389656773928
2021-04-01,0,340,340,1.0,28436.15001797676,83.63573534699047
2021-04-01,1,340,4,0.011764705882352941,689.3500118255615,85.66323538177154
2021-04-01,2,340,1,0.0029411764705882353,78.70000076293945,85.89470597225078
2021-04-01,3,340,3,0.008823529411764706,220.36999893188477,86.54285302793278
2021-04-01,4,340,4,0.011764705882352941,196.7300033569336,87.12147068486495
2021-04-01,5,340,4,0.011764705882352941,513.8000068664551,88.63264717564863
2021-04-01,6,340,4,0.011764705882352941,140.2400016784668,89.04511776882059
2021-04-01,7,340,2,0.0058823529411764705,279.4699954986572,89.86708834381665
2021-04-01,8,340,4,0.011764705882352941,149.81999969482422,90.3077354017426
2021-04-01,9,340,6,0.01764705882352941,297.10999870300293,91.18158833910437
2021-04-01,10,340,3,0.008823529411764706,259.8699951171875,91.94591185415493
2021-04-01,11,340,6,0.01764705882352941,591.3300037384033,93.68511774750317
2021-04-01,12,340,5,0.014705882352941176,1001.3100047111511,96.6301471731242
2021-04-01,13,340,4,0.011764705882352941,293.26000022888184,97.4926765855621
2021-04-01,14,340,8,0.023529411764705882,509.81999683380127,98.99214716448503
2021-04-01,15,340,4,0.011764705882352941,249.86000442504883,99.72702953044106
2021-04-01,17,340,5,0.014705882352941176,316.5,100.65791188338224
2021-04-01,18,340,4,0.011764705882352941,409.9600028991699,101.86367659779155
2021-04-01,19,340,6,0.01764705882352941,522.9100151062012,103.40164723045686
2021-04-01,20,340,1,0.0029411764705882353,13.989999771118164,103.4427942886072
2021-04-01,21,340,5,0.014705882352941176,373.4699993133545,104.54123546305824
2021-04-01,22,340,4,0.011764705882352941,441.6299991607666,105.8401472252958
2021-04-01,23,340,3,0.008823529411764706,314.9000053405762,106.76632371159161
2021-04-01,24,340,5,0.014705882352941176,1111.9499969482422,110.03676487908643
2021-04-01,25,340,3,0.008823529411764706,130.97000312805176,110.42197077063953
2021-04-01,26,340,1,0.0029411764705882353,52.0,110.57491194711012
2021-04-01,27,340,4,0.011764705882352941,305.72000312805176,111.4740884268985
2021-04-01,28,340,4,0.011764705882352941,326.44000816345215,112.43420609796749
2021-04-01,29,340,2,0.0058823529411764705,86.38000011444092,112.6882649218335
2021-04-01,30,340,4,0.011764705882352941,145.4900016784668,113.11617669147604
2021-04-01,31,340,3,0.008823529411764706,364.4900016784668,114.18820610817741
2021-04-01,32,340,2,0.0058823529411764705,105.06000137329102,114.4972061122165
2021-04-01,34,340,1,0.0029411764705882353,46.0,114.63250022986355
2021-04-01,35,340,5,0.014705882352941176,226.07000350952148,115.29741200489157
2021-04-01,36,340,5,0.014705882352941176,407.5799980163574,116.49617670493967
2021-04-01,37,340,2,0.0058823529411764705,246.6699981689453,117.22167669955422
2021-04-01,38,340,2,0.0058823529411764705,255.98999977111816,117.97458846358693
2021-04-01,39,340,4,0.011764705882352941,394.56999492645264,119.13508844866472
2021-04-01,40,340,3,0.008823529411764706,183.32000160217285,119.67426492396523
2021-04-01,41,340,6,0.01764705882352941,612.939998626709,121.4770296258085
2021-04-01,42,340,3,0.008823529411764706,204.26000022888184,122.07779433236402
2021-04-01,43,340,2,0.0058823529411764705,258.9600009918213,122.83944139410468
2021-04-01,44,340,1,0.0029411764705882353,25.0,122.91297080586938
2021-04-01,45,340,3,0.008823529411764706,178.9000015258789,123.43914728094549
2021-04-01,46,340,4,0.011764705882352941,377.8700065612793,124.55052965318455
2021-04-01,48,340,3,0.008823529411764706,330.1499996185303,125.5215590638273
2021-04-01,49,340,3,0.008823529411764706,717.9800071716309,127.63326496727326
2021-04-01,50,340,4,0.011764705882352941,184.94000244140625,128.17720615092446
2021-04-01,51,340,1,0.0029411764705882353,172.1999969482422,128.683676730184
2021-04-01,52,340,5,0.014705882352941176,484.0900001525879,130.10747084827983
2021-04-01,53,340,7,0.020588235294117647,879.2099962234497,132.69338260187823
2021-04-01,54,340,3,0.008823529411764706,404.5800018310547,133.88332378373426
2021-04-01,55,340,4,0.011764705882352941,552.6900024414062,135.50888261444427
2021-04-01,56,340,3,0.008823529411764706,193.48999977111816,136.07797084906522
2021-04-01,57,340,2,0.0058823529411764705,281.48000144958496,136.90585320626988
2021-04-01,58,340,2,0.0058823529411764705,340.3599977493286,137.90691202317967
2021-04-01,59,340,4,0.011764705882352941,516.8500003814697,139.42705908312516
2021-04-01,60,340,2,0.0058823529411764705,50.97999954223633,139.5770002582494
2021-04-01,61,340,2,0.0058823529411764705,116.14999961853027,139.91861790418625
2021-04-01,62,340,4,0.011764705882352941,616.6400032043457,141.73226497243434
2021-04-01,63,340,5,0.014705882352941176,681.9499969482422,143.7380002575762
2021-04-01,64,340,4,0.011764705882352941,288.45000076293945,144.58638261276133
2021-05-01,0,323,323,1.0,28499.440017223358,88.23356042484012
2021-05-01,1,323,4,0.01238390092879257,719.7700004577637,90.4619505191366
2021-05-01,2,323,2,0.006191950464396285,326.2799987792969,91.47210531411895
2021-05-01,3,323,4,0.01238390092879257,508.0099992752075,93.04489168958398
2021-05-01,4,323,5,0.015479876160990712,344.9400053024292,94.1128174025946
2021-05-01,5,323,3,0.009287925696594427,363.020001411438,95.23671833575695
2021-05-01,6,323,3,0.009287925696594427,136.0,95.65777096733589
2021-05-01,7,323,2,0.006191950464396285,125.98999786376953,96.04783288022682
2021-05-01,8,323,4,0.01238390092879257,244.86999893188477,96.80594433202832
2021-05-01,9,323,1,0.0030959752321981426,189.0,97.39108365091377
2021-05-01,10,323,1,0.0030959752321981426,168.0,97.91120748992306
2021-05-01,11,323,2,0.006191950464396285,155.9600067138672,98.39405580792264
2021-05-01,12,323,2,0.006191950464396285,112.94000244140625,98.74371525820564
2021-05-01,13,323,1,0.0030959752321981426,102.5,99.06105271950595
2021-05-01,14,323,4,0.01238390092879257,288.0,99.95269358637901
2021-05-01,15,323,3,0.009287925696594427,72.45000076293945,100.17699699431381
2021-05-01,16,323,2,0.006191950464396285,124.9800033569336,100.56393198922692
2021-05-01,17,323,6,0.018575851393188854,385.9600019454956,101.75885459586932
2021-05-01,18,323,6,0.018575851393188854,365.25000190734863,102.88965955533479
2021-05-01,20,323,4,0.01238390092879257,200.80000114440918,103.51133138550324
2021-05-01,21,323,5,0.015479876160990712,538.3499965667725,105.17804964112793
2021-05-01,22,323,3,0.009287925696594427,235.98999786376953,105.90866882956065
2021-05-01,23,323,8,0.02476780185758514,331.5300045013428,106.93507751222735
2021-05-01,24,323,1,0.0030959752321981426,59.5,107.11928803854313
2021-05-01,25,323,5,0.015479876160990712,164.48999977111816,107.6285450037788
2021-05-01,26,323,7,0.021671826625386997,386.43000411987305,108.82492272551215
2021-05-01,27,323,3,0.009287925696594427,300.4200038909912,109.75501561681553
2021-05-01,28,323,1,0.0030959752321981426,122.37999725341795,110.13390105722858
2021-05-01,29,323,2,0.006191950464396285,252.79000282287598,110.9165326449155
2021-05-01,30,323,3,0.009287925696594427,360.0500011444092,112.0312385308115
2021-05-01,31,323,6,0.018575851393188854,172.68000316619873,112.56585154370995
2021-05-01,32,323,1,0.0030959752321981426,146.0,113.01786392761089
2021-05-01,33,323,2,0.006191950464396285,67.89000034332275,113.22804968718773
2021-05-01,34,323,4,0.01238390092879257,151.39000129699707,113.69674938160568
2021-05-01,35,323,2,0.006191950464396285,126.94000053405762,114.08975247923435
2021-05-01,36,323,2,0.006191950464396285,92.0,114.37458220059658
2021-05-01,37,323,5,0.015479876160990712,691.0300006866455,116.51399396742829
2021-05-01,38,323,4,0.01238390092879257,594.1499977111816,118.3534676445527
2021-05-01,39,323,2,0.006191950464396285,1042.9900016784668,121.58253885717953
2021-05-01,40,323,5,0.015479876160990712,518.629997253418,123.1882044833511
2021-05-01,41,323,3,0.009287925696594427,40.739999771118164,123.31433451360225
2021-05-01,42,323,4,0.01238390092879257,165.20999813079834,123.8258205759267
2021-05-01,43,323,9,0.02786377708978328,419.17000102996826,125.12356051719594
2021-05-01,44,323,5,0.015479876160990712,280.6299991607666,125.99238404400947
2021-05-01,45,323,1,0.0030959752321981426,44.0,126.12860695422619
2021-05-01,46,323,2,0.006191950464396285,104.5,126.4521363659909
2021-05-01,47,323,2,0.006191950464396285,186.43000149726868,127.0293190331651
2021-05-01,48,323,2,0.006191950464396285,99.13000011444092,127.3362230582872
2021-05-01,49,323,2,0.006191950464396285,205.72000885009766,127.97312711045468
2021-05-01,51,323,4,0.01238390092879257,148.59000086784363,128.43315807289383
2021-05-01,52,323,4,0.01238390092879257,707.1299991607666,130.62241503623986
2021-05-01,53,323,3,0.009287925696594427,192.35000228881836,131.2179258792393
2021-05-01,54,323,5,0.015479876160990712,280.4600086212158,132.08622311955267
2021-05-01,55,323,7,0.021671826625386997,1245.5700016021729,135.94247699448198
2021-05-01,56,323,6,0.018575851393188854,324.72000312805176,136.94780208156573
2021-05-01,57,323,1,0.0030959752321981426,85.73999786376953,137.2132509913607
2021-05-01,58,323,3,0.009287925696594427,158.56999969482422,137.70417978298553
2021-05-01,59,323,4,0.01238390092879257,199.98000144958496,138.3233129144084
2021-05-01,61,323,5,0.015479876160990712,567.4900016784668,140.080247904125
2021-05-01,63,323,5,0.015479876160990712,509.9100036621094,141.65891664611297
2021-06-01,0,314,314,1.0,26290.62999343872,83.72812099821249
2021-06-01,1,314,1,0.0031847133757961785,361.9000015258789,84.88066877377261
2021-06-01,2,314,6,0.01910828025477707,705.4600028991699,87.12735668109481
2021-06-01,3,314,4,0.012738853503184714,189.21000385284424,87.72993631119941
2021-06-01,4,314,4,0.012738853503184714,194.9199981689453,88.35070063657821
2021-06-01,5,314,3,0.009554140127388535,1178.6899995803833,92.10449044415905
2021-06-01,6,314,4,0.012738853503184714,205.61000633239746,92.75929938152338
2021-06-01,7,314,4,0.012738853503184714,248.44999980926514,93.5505414191325
2021-06-01,8,314,3,0.009554140127388535,208.57000350952148,94.21477709909912
2021-06-01,9,314,3,0.009554140127388535,386.48999786376953,95.44563696490731
2021-06-01,10,314,3,0.009554140127388535,291.49999713897705,96.37398090484037
2021-06-01,11,314,2,0.006369426751592357,231.69000244140625,97.11184715465376
2021-06-01,12,314,2,0.006369426751592357,131.64000129699707,97.53108282757412
2021-06-01,13,314,4,0.012738853503184714,458.8800001144409,98.99248410182393
2021-06-01,14,314,3,0.009554140127388535,659.8899993896484,101.09404460943429
2021-06-01,15,314,3,0.009554140127388535,262.99999809265137,101.93162422119433
2021-06-01,16,314,3,0.009554140127388535,230.94000244140625,102.66710193597586
2021-06-01,17,314,4,0.012738853503184714,219.45999908447263,103.36601913051241
2021-06-01,18,314,3,0.009554140127388535,25.450000047683716,103.44707008607828
2021-06-01,19,314,4,0.012738853503184714,374.98000144958496,104.64127391235084
2021-06-01,20,314,2,0.006369426751592357,213.54000282287598,105.32133761560841
2021-06-01,21,314,7,0.022292993630573247,364.5999994277954,106.48248411060139
2021-06-01,22,314,3,0.009554140127388535,254.3599967956543,107.29254779466399
2021-06-01,23,314,2,0.006369426751592357,89.52000045776367,107.5776433375231
2021-06-01,24,314,1,0.0031847133757961785,68.0,107.79420384707724
2021-06-01,25,314,8,0.025477707006369428,614.7600021362305,109.75203824878498
2021-06-01,26,314,5,0.01592356687898089,432.3399963378906,111.12891721801394
2021-06-01,27,314,4,0.012738853503184714,903.5600032806396,114.00649684629623
2021-06-01,28,314,5,0.01592356687898089,1069.72998046875,117.41328022358523
2021-06-01,29,314,5,0.01592356687898089,547.5900001525879,119.15719742152342
2021-06-01,30,314,2,0.006369426751592357,258.4200038909912,119.98019106448835
2021-06-01,31,314,1,0.0031847133757961785,115.9499969482422,120.34945857069295
2021-06-01,32,314,2,0.006369426751592357,40.94999980926514,120.47987258282437
2021-06-01,34,314,5,0.01592356687898089,446.2700004577637,121.90111462249877
2021-06-01,35,314,3,0.009554140127388535,383.3500061035156,123.12197451454819
2021-06-01,36,314,3,0.009554140127388535,481.3900022506714,124.65506369369045
2021-06-01,38,314,1,0.0031847133757961785,213.47999954223633,125.33493630369757
2021-06-01,39,314,3,0.009554140127388535,134.25,125.76248407439822
2021-06-01,40,314,1,0.0031847133757961785,42.9900016784668,125.89939490776912
2021-06-01,41,314,1,0.0031847133757961785,64.98999786376953,126.10636942325884
2021-06-01,42,314,2,0.006369426751592357,127.96999931335449,126.5139171917727
2021-06-01,43,314,4,0.012738853503184714,667.3599939346313,128.63926749092758
2021-06-01,44,314,1,0.0031847133757961785,14.989999771118164,128.68700634370185
2021-06-01,45,314,1,0.0031847133757961785,17.989999771118164,128.7442993366035
2021-06-01,46,314,4,0.012738853503184714,537.9499969482422,130.45751588739407
2021-06-01,47,314,6,0.01910828025477707,206.35000133514404,131.11468149674167
2021-06-01,48,314,3,0.009554140127388535,102.5,131.44111461776077
2021-06-01,49,314,8,0.025477707006369428,777.4500026702881,133.91707004027762
2021-06-01,50,314,2,0.006369426751592357,162.020001411438,134.43305730591914
2021-06-01,51,314,3,0.009554140127388535,313.9900016784668,135.43302546413082
2021-06-01,52,314,4,0.012738853503184714,235.5999984741211,136.1833439306089
2021-06-01,53,314,5,0.01592356687898089,893.2999992370605,139.0282483867779
2021-06-01,54,314,3,0.009554140127388535,419.9199962615967,140.3655732156365
2021-06-01,55,314,2,0.006369426751592357,164.02000427246094,140.88792991714112
2021-06-01,56,314,6,0.01910828025477707,529.9699983596802,142.57573245968788
2021-06-01,57,314,2,0.006369426751592357,91.95000076293945,142.86856685702207
2021-06-01,58,314,3,0.009554140127388535,322.9000015258789,143.89691081092616
2021-06-01,59,314,4,0.012738853503184714,396.4799976348877,145.15958596262962
2021-06-01,60,314,7,0.022292993630573247,470.7200012207031,146.658694246772
2021-06-01,61,314,3,0.009554140127388535,430.9400005340576,148.03111463063843
2021-06-01,62,314,5,0.01592356687898089,258.91000175476074,148.8556687763542
2021-07-01,0,337,337,1.0,29345.78005385399,87.07946603517505
2021-07-01,1,337,4,0.011869436201780416,197.5,87.66551944763795
2021-07-01,2,337,3,0.008902077151335312,241.26000213623047,88.38142449848729
2021-07-01,3,337,2,0.005934718100890208,59.970001220703125,88.55937702436475
2021-07-01,5,337,4,0.011869436201780416,392.439998626709,89.72388740604639
2021-07-01,6,337,3,0.008902077151335312,139.44000053405762,90.13765595362518
2021-07-01,7,337,2,0.005934718100890208,84.9900016784668,90.38985180430313
2021-07-01,8,337,2,0.005934718100890208,20.710000038146973,90.45130581035104
2021-07-01,9,337,5,0.01483679525222552,253.29000091552734,91.20290818695499
2021-07-01,10,337,2,0.005934718100890208,427.38999938964844,92.47112776971359
2021-07-01,11,337,2,0.005934718100890208,361.98999977111816,93.54528207170503
2021-07-01,12,337,3,0.008902077151335312,203.32999801635742,94.14863518154586
2021-07-01,13,337,4,0.011869436201780416,275.98999977111816,94.96759660519902
2021-07-01,14,337,3,0.008902077151335312,247.4399995803833,95.70183992739601
2021-07-01,15,337,5,0.01483679525222552,245.60999870300293,96.43065297992717
2021-07-01,16,337,3,0.008902077151335312,298.6999969482422,97.31700311923947
2021-07-01,17,337,3,0.008902077151335312,231.1300048828125,98.0028488310579
2021-07-01,18,337,3,0.008902077151335312,361.48000144958496,99.07548978491424
2021-07-01,19,337,5,0.01483679525222552,341.11999893188477,100.08771530103259
2021-07-01,20,337,5,0.01483679525222552,335.6700048446655,101.08376872787136
2021-07-01,21,337,3,0.008902077151335312,284.4900016784668,101.9279527091131
2021-07-01,22,337,1,0.002967359050445104,59.52000045776367,102.10456992115394
2021-07-01,23,337,7,0.020771513353115726,431.25000381469727,103.38424352297797
2021-07-01,24,337,6,0.017804154302670624,452.6100082397461,104.72729992725021
2021-07-01,25,337,4,0.011869436201780416,711.2300033569336,106.83777471465952
2021-07-01,26,337,5,0.01483679525222552,361.8500003814697,107.91151358819504
2021-07-01,27,337,3,0.008902077151335312,440.9699993133545,109.22002990663229
2021-07-01,28,337,3,0.008902077151335312,443.34000396728516,110.53557887982898
2021-07-01,29,337,4,0.011869436201780416,167.98999786376953,111.03406552037428
2021-07-01,30,337,1,0.002967359050445104,45.0,111.16759667764431
2021-07-01,31,337,2,0.005934718100890208,168.98999977111816,111.66905068289987
2021-07-01,32,337,5,0.01483679525222552,305.44000244140625,112.57540083851234
2021-07-01,33,337,3,0.008902077151335312,529.9499998092651,114.14795276672974
2021-07-01,34,337,4,0.011869436201780416,177.7899980545044,114.6755195265354
2021-07-01,36,337,1,0.002967359050445104,60.489999771118164,114.85501507481764
2021-07-01,37,337,4,0.011869436201780416,463.04999923706055,116.22905068086233
2021-07-01,38,337,2,0.005934718100890208,162.86000061035156,116.71231477762896
2021-07-01,39,337,3,0.008902077151335312,347.0799961090088,117.74222574531147
2021-07-01,40,337,2,0.005934718100890208,95.70999908447266,118.02623167731288
2021-07-01,42,337,3,0.008902077151335312,134.16000032424927,118.42433256848275
2021-07-01,43,337,5,0.01483679525222552,552.4100017547607,120.06353138674615
2021-07-01,45,337,3,0.008902077151335312,184.67000198364258,120.61151358847802
2021-07-01,46,337,2,0.005934718100890208,75.95000076293945,120.83688451062324
2021-07-01,47,337,2,0.005934718100890208,145.0,121.26715157293778
2021-07-01,48,337,3,0.008902077151335312,162.8900032043457,121.75050469817323
2021-07-01,49,337,3,0.008902077151335312,215.67999839782715,122.390504693419
2021-07-01,50,337,3,0.008902077151335312,291.5,123.25548985662375
2021-07-01,51,337,7,0.020771513353115726,1122.0199909210205,126.58492603146358
2021-07-01,52,337,3,0.008902077151335312,260.89999771118164,127.35911000093296
2021-07-01,53,337,7,0.020771513353115726,634.7800073623657,129.24273020082128
2021-07-01,54,337,4,0.011869436201780416,287.19999980926514,130.09495571954315
2021-07-01,55,337,6,0.017804154302670624,318.0900001525879,131.038842960352
2021-07-01,56,337,3,0.008902077151335312,157.81000328063965,131.5071219018376
2021-07-01,57,337,2,0.005934718100890208,225.5399990081787,132.17638005913187
2021-07-01,58,337,2,0.005934718100890208,205.5,132.78617234399835
2021-07-01,59,337,1,0.002967359050445104,59.9900016784668,132.96418421841517
2021-07-01,60,337,7,0.020771513353115726,575.5699996948242,134.67210706617428
2021-07-01,61,337,5,0.01483679525222552,379.98999977111816,135.79967383107376
2021-08-01,0,367,367,1.0,31893.080014705658,86.90212538066936
2021-08-01,1,367,3,0.008174386920980926,723.920000076294,88.87465944082275
2021-08-01,2,367,3,0.008174386920980926,255.2200050354004,89.57008179786745
2021-08-01,3,367,2,0.005449591280653951,137.96999740600586,89.94602184529525
2021-08-01,4,367,4,0.010899182561307902,501.4300022125244,91.31231612925309
2021-08-01,5,367,4,0.010899182561307902,212.9700002670288,91.89261585750113
2021-08-01,6,367,2,0.005449591280653951,90.85000133514404,92.14016354506282
2021-08-01,7,367,8,0.021798365122615803,579.7399969100952,93.71983656116662
2021-08-01,9,367,1,0.0027247956403269754,24.0,93.78523165653446
2021-08-01,10,367,6,0.01634877384196185,669.0799889564514,95.60833789347303
2021-08-01,11,367,3,0.008174386920980926,209.05999946594238,96.17798366858459
2021-08-01,12,367,3,0.008174386920980926,353.1600036621094,97.14027250690097
2021-08-01,13,367,2,0.005449591280653951,119.70999908447266,97.46645779050988
2021-08-01,14,367,1,0.0027247956403269754,89.9000015258789,97.71141692273298
2021-08-01,15,367,4,0.010899182561307902,296.20999908447266,98.51852863685961
2021-08-01,16,367,5,0.013623978201634877,271.61000061035156,99.25861038239191
2021-08-01,17,367,1,0.0027247956403269754,218.0,99.85261583198319
2021-08-01,18,367,2,0.005449591280653951,70.0,100.04335152680608
2021-08-01,19,367,3,0.008174386920980926,199.03999996185303,100.58569485095282
2021-08-01,20,367,1,0.0027247956403269754,42.709999084472656,100.70207087025655
2021-08-01,21,367,7,0.01907356948228883,399.7600040435791,101.79133518645159
2021-08-01,22,367,1,0.0027247956403269754,49.5,101.92621257064778
2021-08-01,23,367,3,0.008174386920980926,97.28999996185303,102.19130793839125
2021-08-01,24,367,2,0.005449591280653951,142.10999965667725,102.57852864590262
2021-08-01,25,367,4,0.010899182561307902,230.46000480651855,103.20648506226917
2021-08-01,26,367,2,0.005449591280653951,814.340015411377,105.42539518600589
2021-08-01,27,367,10,0.027247956403269755,791.6100082397461,107.58237068529675
2021-08-01,28,367,5,0.013623978201634877,313.9299964904785,108.43776577110187
2021-08-01,30,367,2,0.005449591280653951,154.97999954223633,108.86005459819243
2021-08-01,31,367,6,0.01634877384196185,468.3000068664551,110.13607641526724
2021-08-01,32,367,3,0.008174386920980926,168.5200023651123,110.59525898301959
2021-08-01,33,367,2,0.005449591280653951,44.94999980926514,110.71773854653257
2021-08-01,34,367,4,0.010899182561307902,137.3300018310547,111.09193473680793
2021-08-01,35,367,5,0.013623978201634877,203.85000038146973,111.647384329128
2021-08-01,36,367,3,0.008174386920980926,223.64999961853027,112.2567848730477
2021-08-01,37,367,2,0.005449591280653951,87.95000076293945,112.49643065169332
2021-08-01,38,367,8,0.021798365122615803,636.8499984741211,114.23171675107784
2021-08-01,39,367,3,0.008174386920980926,183.9200005531311,114.73286116675395
2021-08-01,40,367,1,0.0027247956403269754,247.87999725341797,115.40828350259433
2021-08-01,41,367,4,0.010899182561307902,871.1400051116943,117.78196199063709
2021-08-01,42,367,6,0.01634877384196185,698.149995803833,119.68427805549767
2021-08-01,43,367,5,0.013623978201634877,509.94000148773193,121.07376034837978
2021-08-01,44,367,3,0.008174386920980926,128.86999988555908,121.42490476223688
2021-08-01,45,367,5,0.013623978201634877,443.970006942749,122.63463230159043
2021-08-01,46,367,3,0.008174386920980926,285.9599952697754,123.41381485000943
2021-08-01,47,367,5,0.013623978201634877,514.600001335144,124.81599469015968
2021-08-01,48,367,4,0.010899182561307902,238.5999984741211,125.466130925784
2021-08-01,49,367,3,0.008174386920980926,259.48999786376953,126.17318814067166
2021-08-01,50,367,7,0.01907356948228883,745.9099960327148,128.20564044593792
2021-08-01,51,367,2,0.005449591280653951,154.44000244140625,128.62645789128234
2021-08-01,52,367,4,0.010899182561307902,146.0,129.02427805477006
2021-08-01,53,367,8,0.021798365122615803,992.75,131.72931892670468
2021-08-01,54,367,2,0.005449591280653951,35.97999954223633,131.82735707259633
2021-08-01,55,367,6,0.01634877384196185,739.4400043487549,133.84217997272918
2021-08-01,56,367,4,0.010899182561307902,1016.9599990844727,136.61318814462146
2021-08-01,57,367,3,0.008174386920980926,196.83999824523926,137.14953691368206
2021-08-01,58,367,5,0.013623978201634877,315.0900058746338,138.00809278799989
2021-08-01,59,367,3,0.008174386920980926,153.9699993133545,138.42762957087004
2021-08-01,60,367,3,0.008174386920980926,242.9800033569336,139.08970042470366
2021-09-01,0,386,386,1.0,32078.370045661926,83.10458561052313
2021-09-01,1,386,5,0.012953367875647668,230.26000595092773,83.70111412334936
2021-09-01,2,386,4,0.010362694300518135,256.8000030517578,84.36639910534873
2021-09-01,3,386,2,0.0051813471502590676,59.989999771118164,84.5218136125278
2021-09-01,4,386,4,0.010362694300518135,402.8199977874756,85.56538873632955
2021-09-01,5,386,7,0.018134715025906734,520.670000076294,86.9142747468899
2021-09-01,6,386,3,0.007772020725388601,309.9399948120117,87.71722810132516
2021-09-01,7,386,6,0.015544041450777202,470.1299934387207,88.93518145220267
2021-09-01,8,386,1,0.0025906735751295338,194.9900016784668,89.44033689696555
2021-09-01,9,386,5,0.012953367875647668,581.6499967575073,90.9472021735394
2021-09-01,10,386,6,0.015544041450777202,465.49999237060547,92.15316070299693
2021-09-01,11,386,5,0.012953367875647668,940.5000171661377,94.5896892448781
2021-09-01,12,386,4,0.010362694300518135,852.7299861907959,96.79883428682318
2021-09-01,14,386,2,0.0051813471502590676,357.42999839782715,97.72481873863101
2021-09-01,15,386,5,0.012953367875647668,403.7699966430664,98.77085499936435
2021-09-01,16,386,6,0.015544041450777202,290.4100036621094,99.52321252180505
2021-09-01,17,386,3,0.007772020725388601,45.05000019073486,99.63992236685877
2021-09-01,18,386,1,0.0025906735751295338,45.950000762939446,99.75896381961249
2021-09-01,20,386,3,0.007772020725388601,251.20000076293945,100.40974102366155
2021-09-01,21,386,2,0.0051813471502590676,82.59000205993652,100.62370475956813
2021-09-01,22,386,8,0.02072538860103627,926.899995803833,103.02500008548479
2021-09-01,24,386,4,0.010362694300518135,152.8499994277954,103.42098453996095
2021-09-01,25,386,3,0.007772020725388601,551.9100017547607,104.8508031973567
2021-09-01,26,386,2,0.0051813471502590676,164.97999954223633,105.27821252259565
2021-09-01,27,386,5,0.012953367875647668,1155.4100074768066,108.27150269740604
2021-09-01,28,386,2,0.0051813471502590676,196.54000091552734,108.78067368423383
2021-09-01,29,386,1,0.0025906735751295338,367.8899955749512,109.73375657432437
2021-09-01,30,386,1,0.0025906735751295338,158.0,110.14308299919485
2021-09-01,31,386,1,0.0025906735751295338,83.7400016784668,110.36002600872455
2021-09-01,32,386,3,0.007772020725388601,421.95000076293945,111.45316072572699
2021-09-01,33,386,4,0.010362694300518135,547.5200033187866,112.8716063301798
2021-09-01,34,386,3,0.007772020725388601,273.3400001525879,113.57974104560101
2021-09-01,35,386,6,0.015544041450777202,213.47999954223633,114.13279803923375
2021-09-01,36,386,4,0.010362694300518135,618.1300067901611,115.73417111381966
2021-09-01,37,386,1,0.0025906735751295338,14.989999771118164,115.7730053101179
2021-09-01,38,386,2,0.0051813471502590676,63.489999771118164,115.9374871748099
2021-09-01,39,386,6,0.015544041450777202,769.3799962997437,117.9306996004569
2021-09-01,40,386,4,0.010362694300518135,310.8099989891052,118.73590685172402
2021-09-01,41,386,1,0.0025906735751295338,29.989999771118164,118.8136011516492
2021-09-01,42,386,2,0.0051813471502590676,39.97999954223633,118.91717627999697
2021-09-01,43,386,4,0.010362694300518135,143.2199993133545,119.28821254764814
2021-09-01,44,386,1,0.0025906735751295338,118.5,119.59520736630098
2021-09-01,45,386,5,0.012953367875647668,736.2700004577637,121.50264260064752
2021-09-01,46,386,6,0.015544041450777202,519.2099981307983,122.84774622274804
2021-09-01,47,386,1,0.0025906735751295338,113.97999763488768,123.14303119071407
2021-09-01,48,386,1,0.0025906735751295338,35.239999771118164,123.23432652690867
2021-09-01,49,386,2,0.0051813471502590676,88.81999969482422,123.46443015306107
2021-09-01,50,386,4,0.010362694300518135,615.8300018310547,125.05984466557676
2021-09-01,51,386,5,0.012953367875647668,385.879994392395,126.05953377022027
2021-09-01,52,386,4,0.010362694300518135,167.37999725341797,126.49316070610995
2021-09-01,53,386,4,0.010362694300518135,280.9300022125244,127.22095863930302
2021-09-01,54,386,4,0.010362694300518135,334.9700012207031,128.0887565699266
2021-09-01,55,386,6,0.015544041450777202,957.4899940490723,130.56930059596047
2021-09-01,56,386,3,0.007772020725388601,295.77000427246094,131.33554413034508
2021-09-01,57,386,3,0.007772020725388601,258.95000076293945,132.0063990546014
2021-09-01,58,386,6,0.015544041450777202,1006.4999923706055,134.613911988204
2021-09-01,59,386,3,0.007772020725388601,288.7799997329712,135.36204670253812
2021-10-01,0,417,417,1.0,36889.700030088425,88.46450846543986
2021-10-01,1,417,4,0.009592326139088728,160.83999919891357,88.85021589757156
2021-10-01,2,417,2,0.004796163069544364,336.0,89.655971293255
2021-10-01,3,417,3,0.007194244604316547,96.95000076293945,89.88846529988076
2021-10-01,4,417,5,0.011990407673860911,769.1099967956543,91.73285378140511
2021-10-01,5,417,2,0.004796163069544364,205.4099998474121,92.22544370909675
2021-10-01,6,417,3,0.007194244604316547,120.20000076293945,92.51369311140596
2021-10-01,7,417,2,0.004796163069544364,95.5,92.7427098979767
2021-10-01,8,417,2,0.004796163069544364,59.94000053405761,92.88645090645166
2021-10-01,9,417,5,0.011990407673860911,149.67999839782715,93.24539574673422
2021-10-01,10,417,6,0.014388489208633094,333.11000061035156,94.04422068824586
2021-10-01,11,417,3,0.007194244604316547,148.32999992370605,94.39992812211565
2021-10-01,12,417,4,0.009592326139088728,250.98000144958496,95.001798629189
2021-10-01,13,417,4,0.009592326139088728,312.0400047302246,95.75009600264278
2021-10-01,14,417,10,0.023980815347721823,1172.00000333786,98.56064756940023
2021-10-01,15,417,4,0.009592326139088728,514.0400009155273,99.79335740373003
2021-10-01,16,417,5,0.011990407673860911,353.9900016784668,100.64225429024914
2021-10-01,17,417,6,0.014388489208633094,717.5899963378906,102.36309361000427
2021-10-01,18,417,2,0.004796163069544364,316.0500068664551,103.12100729553534
2021-10-01,19,417,3,0.007194244604316547,229.52999877929688,103.67143894728424
2021-10-01,20,417,3,0.007194244604316547,228.89999771118164,104.22035980510483
2021-10-01,21,417,2,0.004796163069544364,283.9499969482422,104.90129504958503
2021-10-01,22,417,1,0.002398081534772182,427.5,105.92647490570013
2021-10-01,24,417,4,0.009592326139088728,526.1500034332275,107.18822551345367
2021-10-01,25,417,2,0.004796163069544364,129.98999786376953,107.49995212703585
2021-10-01,26,417,5,0.011990407673860911,295.5699996948242,108.20875308553664
2021-10-01,27,417,6,0.014388489208633094,308.87000274658203,108.94944853576825
2021-10-01,28,417,3,0.007194244604316547,238.42999839782715,109.52122311226184
2021-10-01,29,417,6,0.014388489208633094,251.93999981880188,110.12539577369782
2021-10-01,30,417,4,0.009592326139088728,406.5699996948242,111.10038378255831
2021-10-01,31,417,5,0.011990407673860911,418.9199981689453,112.10498809471405
2021-10-01,32,417,3,0.007194244604316547,251.97999954223633,112.70925667874819
2021-10-01,33,417,5,0.011990407673860911,238.13999938964844,113.28033581397516
2021-10-01,34,417,8,0.019184652278177457,314.8700008392334,114.03541974884143
2021-10-01,35,417,7,0.016786570743405275,736.8799962997437,115.80251806131083
2021-10-01,36,417,4,0.009592326139088728,134.4099998474121,116.12484420003365
2021-10-01,37,417,5,0.011990407673860911,248.8699951171875,116.72165473988302
2021-10-01,38,417,5,0.011990407673860911,671.4499988555908,118.33184658366142
2021-10-01,39,417,7,0.016786570743405275,481.700008392334,119.48700247908668
2021-10-01,40,417,4,0.009592326139088728,115.67000198364258,119.76438857497071
2021-10-01,41,417,5,0.011990407673860911,389.439998626709,120.69829744457913
2021-10-01,42,417,3,0.007194244604316547,137.0500030517578,121.02695452623801
2021-10-01,43,417,2,0.004796163069544364,296.8400001525879,121.73880104938571
2021-10-01,44,417,3,0.007194244604316547,93.68000221252441,121.96345333286898
2021-10-01,45,417,3,0.007194244604316547,253.3700008392334,122.57105525334676
2021-10-01,46,417,2,0.004796163069544364,22.109999656677246,122.62407683525726
2021-10-01,47,417,4,0.009592326139088728,350.33999824523926,123.46422071594128
2021-10-01,48,417,7,0.016786570743405275,599.8300018310547,124.90266196733471
2021-10-01,49,417,3,0.007194244604316547,137.39999961853027,125.23215836929761
2021-10-01,50,417,3,0.007194244604316547,183.59000205993652,125.67242216320632
2021-10-01,51,417,6,0.014388489208633094,752.3200044631958,127.47654687414924
2021-10-01,52,417,9,0.02158273381294964,336.6000003814697,128.28374111966835
2021-10-01,53,417,6,0.014388489208633094,678.7800025939941,129.91151091006162
2021-10-01,54,417,3,0.007194244604316547,286.95999336242676,130.5996643713624
2021-10-01,55,417,6,0.014388489208633094,557.0699996948242,131.9355636512061
2021-10-01,56,417,5,0.011990407673860911,360.5599994659424,132.80021592810286
2021-10-01,57,417,4,0.009592326139088728,240.63999938964844,133.37729026716676
2021-10-01,58,417,6,0.014388489208633094,627.6299934387207,134.88239816510134
2021-11-01,0,372,372,1.0,34002.009957332164,91.40325257347357
2021-11-01,1,372,2,0.005376344086021506,99.27000045776367,91.67010741341379
2021-11-01,2,372,5,0.013440860215053764,534.4100036621094,93.10669344476354
2021-11-01,3,372,4,0.010752688172043012,182.48999786376953,93.59725795515001
2021-11-01,4,372,1,0.002688172043010753,83.93000030517578,93.82287623554028
2021-11-01,5,372,5,0.013440860215053764,458.98999977111816,95.05672032094651
2021-11-01,6,372,8,0.021505376344086023,684.6999969482422,96.89731171059232
2021-11-01,7,372,3,0.008064516129032258,469.4700012207031,98.15932784290604
2021-11-01,8,372,5,0.013440860215053764,378.36000061035156,99.17642461874031
2021-11-01,9,372,6,0.016129032258064516,243.37000036239624,99.83064504982202
2021-11-01,10,372,2,0.005376344086021506,155.0,100.2473117164887
2021-11-01,11,372,8,0.021505376344086023,402.38999938964844,101.32900526323506
2021-11-01,12,372,3,0.008064516129032258,181.92999839782715,101.81806439871309
2021-11-01,13,372,3,0.008064516129032258,74.61999893188477,102.01865579369128
2021-11-01,14,372,5,0.013440860215053764,503.4000015258789,103.3718816042447
2021-11-01,15,372,2,0.005376344086021506,138.86000061035156,103.74516117577791
2021-11-01,16,372,4,0.010752688172043012,316.4700012207031,104.59588698551099
2021-11-01,17,372,3,0.008064516129032258,108.57000064849854,104.88774182596394
2021-11-01,18,372,3,0.008064516129032258,160.0,105.31784935284566
2021-11-01,19,372,5,0.013440860215053764,303.40000343322754,106.13344075992423
2021-11-01,20,372,1,0.002688172043010753,29.25,106.21206979218229
2021-11-01,21,372,4,0.010752688172043012,583.3999977111816,107.78034935592203
2021-11-01,22,372,3,0.008064516129032258,174.17000198364258,108.24854828598559
2021-11-01,23,372,2,0.005376344086021506,259.0899953842163,108.94502676820122
2021-11-01,24,372,2,0.005376344086021506,197.44999980926514,109.47580633758096
2021-11-01,25,372,3,0.008064516129032258,219.64999771118164,110.06626332067555
2021-11-01,26,372,5,0.013440860215053764,577.6700038909912,111.61913967522122
2021-11-01,27,372,1,0.002688172043010753,98.47000312805176,111.88384398470522
2021-11-01,28,372,6,0.016129032258064516,535.0500030517578,113.32215044452178
2021-11-01,29,372,4,0.010752688172043012,348.6600036621094,114.25940851888228
2021-11-01,30,372,4,0.010752688172043012,296.92000007629395,115.05758056209814
2021-11-01,31,372,2,0.005376344086021506,223.68999671936035,115.65889775758028
2021-11-01,32,372,5,0.013440860215053764,610.920000076294,117.30115582230151
2021-11-01,33,372,5,0.013440860215053764,364.6300048828125,118.28134400747035
2021-11-01,34,372,4,0.010752688172043012,173.82000160217285,118.7486020762934
2021-11-01,35,372,1,0.002688172043010753,31.950000762939453,118.8344891751185
2021-11-01,36,372,7,0.01881720430107527,1248.8199977874756,122.19153217992354
2021-11-01,37,372,3,0.008064516129032258,577.8900032043457,123.74499993047286
2021-11-01,38,372,4,0.010752688172043012,264.48999977111816,124.4559945535135
2021-11-01,39,372,2,0.005376344086021506,79.98999977111816,124.67102143461867
2021-11-01,40,372,3,0.008064516129032258,337.209997177124,125.57749992165394
2021-11-01,42,372,2,0.005376344086021506,204.92999839782715,126.12838701412122
2021-11-01,43,372,4,0.010752688172043012,235.9300022125244,126.76260745017639
2021-11-01,44,372,5,0.013440860215053764,355.4000053405762,127.7179838086188
2021-11-01,45,372,2,0.005376344086021506,204.09000205993652,128.26661284641432
2021-11-01,46,372,1,0.002688172043010753,172.0,128.72897843781217
2021-11-01,47,372,3,0.008064516129032258,197.1999969482422,129.25908595649025
2021-11-01,48,372,4,0.010752688172043012,261.35999965667725,129.96166660072862
2021-11-01,49,372,4,0.010752688172043012,192.96000289916992,130.48037628594145
2021-11-01,50,372,2,0.005376344086021506,126.89999771118164,130.82150531204678
2021-11-01,51,372,3,0.008064516129032258,99.8100004196167,131.08981176478767
2021-11-01,52,372,3,0.008064516129032258,132.67999958992004,131.446478430352
2021-11-01,53,372,4,0.010752688172043012,173.07000160217285,131.91172037014277
2021-11-01,54,372,4,0.010752688172043012,514.6300010681152,133.29513435150866
2021-11-01,55,372,3,0.008064516129032258,461.290002822876,134.53516124081747
2021-11-01,56,372,1,0.002688172043010753,260.93999671936035,135.23661284490177
2021-11-01,57,372,2,0.005376344086021506,40.97999954223633,135.34677413399382
2021-12-01,0,418,418,1.0,36636.82999944687,87.6479186589638
2021-12-01,1,418,3,0.007177033492822967,401.57000184059143,88.60861244327144
2021-12-01,2,418,4,0.009569377990430622,101.55000019073486,88.8515550274598
2021-12-01,3,418,6,0.014354066985645933,274.5099992752075,89.50827751376413
2021-12-01,4,418,3,0.007177033492822967,373.8999996185303,90.40277512050702
2021-12-01,5,418,4,0.009569377990430622,252.739999294281,91.00741626714405
2021-12-01,6,418,3,0.007177033492822967,256.42999839782715,91.62088516283264
2021-12-01,7,418,8,0.019138755980861243,445.3199996948242,92.68624401377718
2021-12-01,8,418,5,0.011961722488038277,428.57999992370605,93.71155501837936
2021-12-01,9,418,4,0.009569377990430622,229.6699981689453,94.26100477476439
2021-12-01,10,418,5,0.011961722488038277,157.39000129699707,94.63753587834573
2021-12-01,11,418,3,0.007177033492822967,134.9500026702881,94.96038277468612
2021-12-01,12,418,6,0.014354066985645933,312.8500018119812,95.70882775509757
2021-12-01,13,418,4,0.009569377990430622,192.3600025177002,96.16901914868058
2021-12-01,14,418,4,0.009569377990430622,267.4799995422363,96.80892345380555
2021-12-01,15,418,9,0.0215311004784689,604.7299966812134,98.25564593390415
2021-12-01,16,418,5,0.011961722488038277,280.6200008392334,98.92698564883054
2021-12-01,17,418,6,0.014354066985645933,289.60999965667725,99.61983253796134
2021-12-01,18,418,8,0.019138755980861243,523.309999704361,100.87177033629715
2021-12-01,19,418,7,0.01674641148325359,702.2500019073486,102.55179426430516
2021-12-01,20,418,5,0.011961722488038277,287.060001373291,103.2385406790738
2021-12-01,21,418,4,0.009569377990430622,313.63000106811523,103.98885168641378
2021-12-01,22,418,4,0.009569377990430622,217.38000297546387,104.50889954042206
2021-12-01,23,418,4,0.009569377990430622,200.9099998474121,104.98954547307137
2021-12-01,24,418,6,0.014354066985645933,608.4699954986572,106.44521531876194
2021-12-01,25,418,3,0.007177033492822967,150.44000244140625,106.80511963082273
2021-12-01,26,418,8,0.019138755980861243,373.0099983215332,107.69748804785989
2021-12-01,27,418,1,0.0023923444976076554,185.9900016784668,108.1424402049854
2021-12-01,28,418,7,0.01674641148325359,380.1199998855591,109.05181819514225
2021-12-01,29,418,6,0.014354066985645933,439.8999996185303,110.10421053872724
2021-12-01,30,418,2,0.004784688995215311,56.0,110.23818183059328
2021-12-01,31,418,5,0.011961722488038277,427.6500053405762,111.26126796777169
2021-12-01,32,418,3,0.007177033492822967,145.98999977111816,111.61052634042986
2021-12-01,33,418,2,0.004784688995215311,103.97000122070312,111.85925840076648
2021-12-01,34,418,6,0.014354066985645933,387.4099979400635,112.78607657765657
2021-12-01,35,418,3,0.007177033492822967,83.94000053405762,112.98688997606341
2021-12-01,36,418,4,0.009569377990430622,362.80000495910645,113.85483257165936
2021-12-01,37,418,8,0.019138755980861243,625.5300018787384,115.35131582974248
2021-12-01,38,418,9,0.0215311004784689,596.1099987030029,116.7774163051085
2021-12-01,39,418,4,0.009569377990430622,369.12999725341797,117.66050242293964
2021-12-01,40,418,6,0.014354066985645933,854.1300067901611,119.70387564492567
2021-12-01,41,418,5,0.011961722488038277,492.9599933624267,120.88320577258699
2021-12-01,42,418,3,0.007177033492822967,258.25000381469727,121.50102874822024
2021-12-01,43,418,6,0.014354066985645933,312.95999908447266,122.24973688000127
2021-12-01,44,418,2,0.004784688995215311,247.79000091552734,122.84253592525373
2021-12-01,45,418,2,0.004784688995215311,145.23999786376953,123.19000003497567
2021-12-01,46,418,5,0.011961722488038277,387.07000160217285,124.1160048234976
2021-12-01,47,418,5,0.011961722488038277,140.3000030517578,124.45165076381282
2021-12-01,48,418,4,0.009569377990430622,351.98999786376953,125.29373209841513
2021-12-01,49,418,4,0.009569377990430622,435.89000129699707,126.3365311445802
2021-12-01,50,418,4,0.009569377990430622,241.4900016784668,126.91425842132294
2021-12-01,51,418,5,0.011961722488038277,639.520001411438,128.44421057780963
2021-12-01,52,418,3,0.007177033492822967,81.92000007629395,128.6401914392362
2021-12-01,54,418,5,0.011961722488038277,171.65999794006348,129.05086129076744
2021-12-01,55,418,3,0.007177033492822967,83.2400016784668,129.25000005076376
2021-12-01,56,418,7,0.01674641148325359,923.4499988555908,131.45921057434174
2022-01-01,0,456,456,1.0,41828.470005989075,91.72910089032692
2022-01-01,1,456,3,0.006578947368421052,130.2599973678589,92.01475877929153
2022-01-01,2,456,3,0.006578947368421052,212.9000015258789,92.48164474755002
2022-01-01,3,456,3,0.006578947368421052,94.82000350952148,92.68958335173757
2022-01-01,4,456,3,0.006578947368421052,147.88000297546387,93.01388160387675
2022-01-01,5,456,1,0.0021929824561403508,34.989999771118164,93.09061405951516
2022-01-01,6,456,11,0.02412280701754386,727.830002784729,94.68673248667466
2022-01-01,7,456,5,0.010964912280701754,280.0900068283081,95.30096495778938
2022-01-01,8,456,3,0.006578947368421052,202.98000144958496,95.74609653991565
2022-01-01,9,456,2,0.0043859649122807015,203.0,96.19127197851215
2022-01-01,10,456,6,0.013157894736842105,829.8399977684021,98.01109653502179
2022-01-01,11,456,6,0.013157894736842105,732.2299995422363,99.61686407787758
2022-01-01,12,456,6,0.013157894736842105,554.3500061035156,100.83254391582389
2022-01-01,13,456,1,0.0021929824561403508,44.0,100.92903514389405
2022-01-01,14,456,4,0.008771929824561403,178.5,101.32048251231511
2022-01-01,15,456,2,0.0043859649122807015,73.98999977111816,101.48274128374301
2022-01-01,16,456,4,0.008771929824561403,141.86000061035156,101.79383777630956
2022-01-01,17,456,4,0.008771929824561403,183.9000015258789,102.19712725334
2022-01-01,18,456,4,0.008771929824561403,595.6500015258789,103.50337725668622
2022-01-01,19,456,6,0.013157894736842105,476.8699998855591,104.54914480029491
2022-01-01,20,456,5,0.010964912280701754,545.8499965667725,105.74618426645011
2022-01-01,21,456,3,0.006578947368421052,379.17000675201416,106.5776974391519
2022-01-01,22,456,1,0.0021929824561403508,9.989999771118164,106.5996053333868
2022-01-01,23,456,5,0.010964912280701754,219.65999794006348,107.0813158551852
2022-01-01,24,456,2,0.0043859649122807015,89.48999977111816,107.27756585468326
2022-01-01,25,456,6,0.013157894736842105,551.4199962615967,108.48682023244992
2022-01-01,26,456,6,0.013157894736842105,665.4100017547607,109.94605269243843
2022-01-01,27,456,3,0.006578947368421052,192.9699993133545,110.36923251549403
2022-01-01,28,456,3,0.006578947368421052,95.95000076293945,110.57964918383381
2022-01-01,29,456,4,0.008771929824561403,277.1400032043457,111.18741234875561
2022-01-01,30,456,4,0.008771929824561403,609.480001449585,112.52399129930295
2022-01-01,31,456,6,0.013157894736842105,379.44000244140625,113.35609656781482
2022-01-01,32,456,8,0.017543859649122806,527.0100040435791,114.51182026089283
2022-01-01,33,456,3,0.006578947368421052,200.0,114.9504167521209
2022-01-01,34,456,3,0.006578947368421052,217.4800033569336,115.427346584044
2022-01-01,35,456,8,0.017543859649122806,876.1300010681152,117.34868430568461
2022-01-01,36,456,1,0.0021929824561403508,30.0,117.41447377936882
2022-01-01,37,456,4,0.008771929824561403,127.03999996185303,117.69307027051323
2022-01-01,38,456,4,0.008771929824561403,404.45999908447266,118.58004395271603
2022-01-01,39,456,4,0.008771929824561403,227.67999935150146,119.07934219690792
2022-01-01,40,456,5,0.010964912280701754,370.1500015258789,119.8910746563945
2022-01-01,41,456,5,0.010964912280701754,80.28999900817871,120.06714921562295
2022-01-01,42,456,7,0.015350877192982455,595.6599979400635,121.3734211409301
2022-01-01,43,456,3,0.006578947368421052,132.5,121.66399131636871
2022-01-01,44,456,4,0.008771929824561403,414.0199966430664,122.57192990549824
2022-01-01,45,456,5,0.010964912280701754,421.9800033569336,123.49732464970204
2022-01-01,46,456,6,0.013157894736842105,551.8899936676025,124.7076097235345
2022-01-01,47,456,8,0.017543859649122806,564.7700042724609,125.94614043465832
2022-01-01,48,456,6,0.013157894736842105,294.6300048828125,126.59225886641887
2022-01-01,49,456,3,0.006578947368421052,120.85000038146973,126.85728079708
2022-01-01,50,456,6,0.013157894736842105,276.01000213623047,127.462565889484
2022-01-01,51,456,2,0.0043859649122807015,400.4000015258789,128.34063606826882
2022-01-01,52,456,4,0.008771929824561403,361.060001373291,129.13243431689446
2022-01-01,53,456,4,0.008771929824561403,197.9500026702881,129.56653519994333
2022-01-01,54,456,9,0.019736842105263157,801.5299968719482,131.32427642115374
2022-01-01,55,456,5,0.010964912280701754,362.9300003051758,132.12017554463003
2022-02-01,0,383,383,1.0,32719.869982004166,85.43046992690383
2022-02-01,1,383,6,0.015665796344647518,785.5500020980835,87.48151431880483
2022-02-01,2,383,3,0.007832898172323759,245.73999977111816,88.12313311716284
2022-02-01,3,383,9,0.02349869451697128,420.22000217437744,89.22031327949803
2022-02-01,4,383,6,0.015665796344647518,626.8199996948242,90.85691902282655
2022-02-01,5,383,2,0.005221932114882507,173.98999786376953,91.31120100158313
2022-02-01,6,383,4,0.010443864229765013,273.13000297546387,92.0243341686209
2022-02-01,7,383,5,0.013054830287206266,312.7700004577637,92.840966023602
2022-02-01,8,383,3,0.007832898172323759,332.39000129699707,93.70882503482132
2022-02-01,9,383,3,0.007832898172323759,124.93000411987305,94.0350130351343
2022-02-01,10,383,4,0.010443864229765013,168.25000381469727,94.47430808425884
2022-02-01,11,383,3,0.007832898172323759,171.4199981689453,94.92187988104459
2022-02-01,12,383,2,0.005221932114882507,518.3600006103516,96.27530024817345
2022-02-01,13,383,4,0.010443864229765013,307.98999786376953,97.07945167862715
2022-02-01,14,383,4,0.010443864229765013,210.92999744415283,97.63018274245
2022-02-01,15,383,7,0.018276762402088774,321.14999866485596,98.46869448831124
2022-02-01,16,383,6,0.015665796344647518,977.8200016021729,101.02174932278167
2022-02-01,17,383,3,0.007832898172323759,86.46999931335449,101.24751955597581
2022-02-01,18,383,3,0.007832898172323759,237.9900016784668,101.86890337236868
2022-02-01,19,383,3,0.007832898172323759,433.3999938964844,103.00049604572764
2022-02-01,20,383,3,0.007832898172323759,221.08999633789062,103.57775452180569
2022-02-01,21,383,3,0.007832898172323759,326.25,104.42958219804589
2022-02-01,22,383,2,0.005221932114882507,277.0,105.15281979595713
2022-02-01,23,383,5,0.013054830287206266,528.4399948120117,106.53255868580571
2022-02-01,24,383,1,0.0026109660574412533,66.95000076293945,106.70736286534341
2022-02-01,25,383,8,0.020887728459530026,703.5799980163574,108.54438635885872
2022-02-01,26,383,5,0.013054830287206266,486.48999977111816,109.81459523554571
2022-02-01,27,383,5,0.013054830287206266,344.48999977111816,110.71404693207604
2022-02-01,28,383,4,0.010443864229765013,395.5299987792969,111.74676233358856
2022-02-01,29,383,2,0.005221932114882507,160.4900016784668,112.16579628052973
2022-02-01,30,383,5,0.013054830287206266,301.0699996948242,112.95187983064676
2022-02-01,31,383,5,0.013054830287206266,491.30000019073486,114.23464745516566
2022-02-01,32,383,11,0.028720626631853787,916.4900054931641,116.62757175149245
2022-02-01,33,383,2,0.005221932114882507,407.9700012207031,117.69276757713398
2022-02-01,34,383,6,0.015665796344647518,920.9899997711182,120.09744120577919
2022-02-01,35,383,4,0.010443864229765013,98.82000064849854,120.35545687326875
2022-02-01,36,383,3,0.007832898172323759,228.31999969482422,120.95159264270693
2022-02-01,37,383,2,0.005221932114882507,424.9499969482422,122.06112266084855
2022-02-01,38,383,1,0.0026109660574412533,72.04000091552734,122.24921665801703
2022-02-01,39,383,4,0.010443864229765013,405.77000522613525,123.30866836879024
2022-02-01,40,383,4,0.010443864229765013,166.4500026702881,123.74326367602336
2022-02-01,41,383,5,0.013054830287206266,372.5,124.71584853242022
2022-02-01,42,383,4,0.010443864229765013,172.0,125.16493469430011
2022-02-01,43,383,5,0.013054830287206266,409.04000186920166,126.23292425531632
2022-02-01,44,383,1,0.0026109660574412533,264.99000549316406,126.92480416522014
2022-02-01,45,383,3,0.007832898172323759,109.46000099182129,127.21060051245726
2022-02-01,46,383,7,0.018276762402088774,483.7000045776367,128.47352480639367
2022-02-01,47,383,7,0.018276762402088774,581.4100017547607,129.99156658643219
2022-02-01,48,383,4,0.010443864229765013,329.68999671936035,130.85237597734437
2022-02-01,49,383,5,0.013054830287206266,393.42000102996826,131.8795822463521
2022-02-01,50,383,6,0.015665796344647518,273.96999740600586,132.59490861033646
2022-02-01,51,383,3,0.007832898172323759,196.04000282287598,133.1067624036077
2022-02-01,52,383,2,0.005221932114882507,336.8900032043457,133.9863707670655
2022-02-01,53,383,5,0.013054830287206266,583.9000062942505,135.51091386443952
2022-02-01,54,383,1,0.0026109660574412533,60.0,135.667571827886
2022-03-01,0,442,442,1.0,38347.48005819321,86.75900465654571
2022-03-01,1,442,4,0.00904977375565611,213.89000129699707,87.24291868662942
2022-03-01,2,442,8,0.01809954751131222,831.9400043487549,89.12513589103837
2022-03-01,3,442,7,0.01583710407239819,420.39000129699707,90.07624449125782
2022-03-01,4,442,5,0.011312217194570135,370.93000411987305,90.91545264537518
2022-03-01,5,442,5,0.011312217194570135,631.8199882507324,92.34490963236779
2022-03-01,6,442,4,0.00904977375565611,572.4700031280518,93.64009063491994
2022-03-01,7,442,1,0.0022624434389140274,24.899999618530277,93.69642547568584
2022-03-01,8,442,4,0.00904977375565611,479.5,94.78126710464512
2022-03-01,9,442,3,0.006787330316742082,375.2300033569336,95.6302037638237
2022-03-01,10,442,3,0.006787330316742082,249.29000663757324,96.19420830372772
2022-03-01,12,442,1,0.0022624434389140274,23.170000076293945,96.24662911837996
2022-03-01,13,442,1,0.0022624434389140274,25.0,96.30319020435282
2022-03-01,14,442,6,0.013574660633484163,955.7400054931641,98.46549790908848
2022-03-01,15,442,3,0.006787330316742082,117.63999938964844,98.73165175386144
2022-03-01,16,442,4,0.00904977375565611,304.5900020599365,99.42076940558076
2022-03-01,17,442,6,0.013574660633484163,607.3399982452393,100.79484179980075
2022-03-01,18,442,5,0.011312217194570135,400.5699996948242,101.7011087674361
2022-03-01,19,442,5,0.011312217194570135,309.32000064849854,102.40092777342818
2022-03-01,20,442,4,0.00904977375565611,238.36999893188477,102.94022641354556
2022-03-01,21,442,3,0.006787330316742082,66.89000129699707,103.09156125810891
2022-03-01,22,442,5,0.011312217194570135,336.07999420166016,103.85192323594072
2022-03-01,23,442,5,0.011312217194570135,736.2700028419495,105.5176924731397
2022-03-01,24,442,5,0.011312217194570135,515.9199967384338,106.68493228476511
2022-03-01,25,442,10,0.02262443438914027,1002.3700008392334,108.95273771652809
2022-03-01,26,442,4,0.00904977375565611,201.95000076293945,109.40963817074288
2022-03-01,27,442,7,0.01583710407239819,391.98999977111816,110.29649337384495
2022-03-01,28,442,8,0.01809954751131222,594.7600135803223,111.64210426429817
2022-03-01,29,442,1,0.0022624434389140274,72.25000190734863,111.80556580707498
2022-03-01,30,442,4,0.00904977375565611,218.31999969482422,112.29950245796825
2022-03-01,31,442,6,0.013574660633484163,462.71999740600586,113.34638028015378
2022-03-01,32,442,4,0.00904977375565611,208.90999794006348,113.81902733431683
2022-03-01,33,442,3,0.006787330316742082,124.72000122070312,114.10119928277996
2022-03-01,34,442,3,0.006787330316742082,278.3399963378906,114.73092778128196
2022-03-01,35,442,4,0.00904977375565611,174.97999954223633,115.12681013318748
2022-03-01,36,442,4,0.00904977375565611,250.33000373840332,115.69316760770876
2022-03-01,37,442,3,0.006787330316742082,183.67999839782715,116.10873321494365
2022-03-01,38,442,6,0.013574660633484163,583.579999923706,117.4290499568525
2022-03-01,39,442,10,0.02262443438914027,841.7600040435791,119.33348435514114
2022-03-01,40,442,7,0.01583710407239819,693.7600002288818,120.90307711583996
2022-03-01,41,442,5,0.011312217194570135,304.4799995422363,121.59194589308484
2022-03-01,42,442,6,0.013574660633484163,549.7999906539917,122.83583727465496
2022-03-01,43,442,2,0.004524886877828055,585.0999984741211,124.15959292731134
2022-03-01,44,442,6,0.013574660633484163,837.4399929046631,126.0542535447427
2022-03-01,45,442,7,0.01583710407239819,641.4799976348877,127.50556575658634
2022-03-01,46,442,6,0.013574660633484163,424.07999992370605,128.4650227699884
2022-03-01,47,442,4,0.00904977375565611,147.9900016784668,128.7998417783107
2022-03-01,48,442,6,0.013574660633484163,493.9500045776367,129.91737572531895
2022-03-01,49,442,3,0.006787330316742082,186.97999954223633,130.34040739849144
2022-03-01,50,442,6,0.013574660633484163,395.5699987411499,131.23536214677458
2022-03-01,51,442,8,0.01809954751131222,630.9000015258789,132.66273771583764
2022-03-01,52,442,7,0.01583710407239819,883.8499994277954,134.66239834802724
2022-03-01,53,442,4,0.00904977375565611,417.9299964904785,135.60794132651247
2022-04-01,0,472,472,1.0,41159.310012578964,87.20192799275205
2022-04-01,1,472,3,0.006355932203389831,172.9099998474121,87.56826273819148
2022-04-01,2,472,6,0.012711864406779662,517.0099964141846,88.66362290008594
2022-04-01,3,472,5,0.01059322033898305,272.6900005340576,89.24135595206486
2022-04-01,4,472,5,0.01059322033898305,256.51000022888184,89.7848093423803
2022-04-01,5,472,3,0.006355932203389831,423.61000061035156,90.68228815723273
2022-04-01,6,472,7,0.014830508474576272,407.439998626709,91.54550849330627
2022-04-01,7,472,4,0.00847457627118644,297.8800005912781,92.17661018947423
2022-04-01,8,472,6,0.012711864406779662,546.0199890136719,93.33343220009642
2022-04-01,9,472,6,0.012711864406779662,223.9699993133545,93.80794491050607
2022-04-01,10,472,7,0.014830508474576272,713.6199960708618,95.31985168184264
2022-04-01,11,472,5,0.01059322033898305,800.8899993896484,97.01665252800716
2022-04-01,12,472,5,0.01059322033898305,213.92000007629395,97.46987286715184
2022-04-01,13,472,1,0.00211864406779661,25.0,97.52283896884676
2022-04-01,14,472,5,0.01059322033898305,595.4999980926514,98.78449150717864
2022-04-01,15,472,8,0.01694915254237288,772.7600021362305,100.42169490153506
2022-04-01,16,472,6,0.012711864406779662,645.7399997711182,101.78978812138914
2022-04-01,17,472,6,0.012711864406779662,693.5100040435791,103.25908897741367
2022-04-01,18,472,10,0.0211864406779661,1041.3200035095215,105.46527542552705
2022-04-01,19,472,4,0.00847457627118644,240.5,105.97480932383213
2022-04-01,20,472,6,0.012711864406779662,1090.410005569458,108.28500001359794
2022-04-01,21,472,6,0.012711864406779662,444.1499996185303,109.2259957755016
2022-04-01,22,472,8,0.01694915254237288,1226.1999998092651,111.8238771310297
2022-04-01,23,472,7,0.014830508474576272,487.62000465393066,112.85697036122872
2022-04-01,24,472,7,0.014830508474576272,637.9299964904785,114.20851696396278
2022-04-01,25,472,5,0.01059322033898305,591.2200050354004,115.46110172039371
2022-04-01,26,472,7,0.014830508474576272,640.430004119873,116.81794494946124
2022-04-01,27,472,4,0.00847457627118644,267.5,117.38468223759683
2022-04-01,28,472,2,0.00423728813559322,96.16000175476074,117.58841105487387
2022-04-01,29,472,3,0.006355932203389831,249.8899974822998,118.11783901564145
2022-04-01,30,472,3,0.006355932203389831,554.939998626709,119.29355935171499
2022-04-01,31,472,3,0.006355932203389831,406.78999519348145,120.15540256187067
2022-04-01,32,472,9,0.019067796610169493,784.3799991607666,121.81722459399094
2022-04-01,33,472,8,0.01694915254237288,804.3500099182129,123.52135597093631
2022-04-01,34,472,3,0.006355932203389831,282.5699996948242,124.12002122452704
2022-04-01,35,472,4,0.00847457627118644,393.2299995422363,124.95313563033686
2022-04-01,36,472,4,0.00847457627118644,391.9200019836426,125.78347461759034
2022-04-01,37,472,5,0.01059322033898305,275.2400007247925,126.36661021234626
2022-04-01,38,472,5,0.01059322033898305,478.5299949645996,127.38044494744075
2022-04-01,39,472,5,0.01059322033898305,740.0599937438965,128.94836866299985
2022-04-01,40,472,7,0.014830508474576272,509.45999908447266,130.02773306783982
2022-04-01,41,472,6,0.012711864406779662,532.0000057220459,131.1548517240306
2022-04-01,42,472,8,0.01694915254237288,616.5500030517578,132.4611017304962
2022-04-01,43,472,6,0.012711864406779662,330.0800037384033,133.16042377231486
2022-04-01,44,472,4,0.00847457627118644,354.23000144958496,133.91091106352158
2022-04-01,45,472,1,0.00211864406779661,36.9900016784668,133.98927971114546
2022-04-01,46,472,4,0.00847457627118644,271.9000005722046,134.56533903439166
2022-04-01,47,472,13,0.02754237288135593,1006.010000705719,136.6967161545309
2022-04-01,48,472,5,0.01059322033898305,165.3700032234192,137.0470763308517
2022-04-01,49,472,3,0.006355932203389831,326.4900016784668,137.7387924361027
2022-04-01,50,472,5,0.01059322033898305,161.97999954223633,138.08197040123454
2022-04-01,51,472,5,0.01059322033898305,242.85000038146973,138.59648311390714
2022-04-01,52,472,7,0.014830508474576272,406.95000076293945,139.45866531891338
2022-05-01,0,479,479,1.0,42200.290038347244,88.10081427629905
2022-05-01,1,479,4,0.008350730688935281,338.9700002670288,88.80847607226362
2022-05-01,2,479,7,0.014613778705636743,805.4800024032593,90.49006271611177
2022-05-01,3,479,8,0.016701461377870562,572.7099990844727,91.68569945741545
2022-05-01,4,479,2,0.0041753653444676405,79.94000148773193,91.85258881333975
2022-05-01,5,479,6,0.012526096033402923,691.8999977111816,93.29705644948
2022-05-01,6,479,2,0.0041753653444676405,281.47999572753906,93.88469735914083
2022-05-01,7,479,4,0.008350730688935281,237.27000045776367,94.38004182773741
2022-05-01,8,479,5,0.010438413361169102,618.6099996566772,95.67150320489122
2022-05-01,9,479,7,0.014613778705636743,808.4799957275391,97.35935288281928
2022-05-01,10,479,3,0.006263048016701462,308.0,98.0023591458673
2022-05-01,11,479,6,0.012526096033402923,358.9800052642822,98.75179548253595
2022-05-01,12,479,3,0.006263048016701462,101.23000383377075,98.96313160744988
2022-05-01,13,479,5,0.010438413361169102,435.0200023651123,99.87131532846264
2022-05-01,14,479,5,0.010438413361169102,633.5999984741211,101.19407106640443
2022-05-01,15,479,4,0.008350730688935281,508.66000270843506,102.25599174011724
2022-05-01,16,479,3,0.006263048016701462,263.64000129699707,102.80638840253269
2022-05-01,17,479,6,0.012526096033402923,543.3500003814697,103.94073078328732
2022-05-01,18,479,1,0.0020876826722338203,99.98999786376952,104.14947816922421
2022-05-01,19,479,3,0.006263048016701462,695.8899993896484,105.60227566273078
2022-05-01,20,479,2,0.0041753653444676405,59.779998779296875,105.72707733032848
2022-05-01,21,479,6,0.012526096033402923,422.9099998474121,106.60997920892433
2022-05-01,22,479,4,0.008350730688935281,387.4400062561035,107.41883099651535
2022-05-01,23,479,5,0.010438413361169102,172.97000312805176,107.77993747486202
2022-05-01,24,479,2,0.0041753653444676405,76.52000045776367,107.93968695389702
2022-05-01,25,479,1,0.0020876826722338203,45.9900016784668,108.03569948349715
2022-05-01,26,479,2,0.0041753653444676405,69.46000099182129,108.18070992398113
2022-05-01,27,479,6,0.012526096033402923,872.910005569458,110.00306901702801
2022-05-01,28,479,4,0.008350730688935281,192.4700002670288,110.40488530151033
2022-05-01,29,479,5,0.010438413361169102,432.0300040245056,111.3068268547974
2022-05-01,30,479,6,0.012526096033402923,483.74000358581543,112.31672247814983
2022-05-01,31,479,3,0.006263048016701462,105.0,112.53592915873438
2022-05-01,32,479,8,0.016701461377870562,509.5300016403198,113.59966611414214
2022-05-01,33,479,8,0.016701461377870562,1244.4199924468994,116.19762016935488
2022-05-01,34,479,8,0.016701461377870562,504.4700012207031,117.25079344956511
2022-05-01,35,479,8,0.016701461377870562,505.2300052642822,118.30555337704796
2022-05-01,36,479,6,0.012526096033402923,431.0300016403198,119.20540724268537
2022-05-01,37,479,3,0.006263048016701462,116.96000289916992,119.44958261408239
2022-05-01,38,479,4,0.008350730688935281,430.4999990463257,120.34833000248807
2022-05-01,39,479,6,0.012526096033402923,552.5200004577637,121.50181643350638
2022-05-01,40,479,4,0.008350730688935281,293.92000007629395,122.1154281246886
2022-05-01,41,479,2,0.0041753653444676405,158.54999923706055,122.44643021077852
2022-05-01,42,479,4,0.008350730688935281,180.2200002670288,122.82267238252597
2022-05-01,43,479,4,0.008350730688935281,251.14000129699707,123.34697301153848
2022-05-01,44,479,3,0.006263048016701462,224.22999954223633,123.8150940961778
2022-05-01,46,479,8,0.016701461377870562,958.8399982452393,125.8168477459591
2022-05-01,47,479,4,0.008350730688935281,392.24000549316406,126.63572040878407
2022-05-01,48,479,5,0.010438413361169102,168.47999954223633,126.98745318444637
2022-05-01,49,479,1,0.0020876826722338203,52.0,127.09601268340252
2022-05-01,50,479,5,0.010438413361169102,405.1500015258789,127.94183732124361
2022-05-01,51,479,6,0.012526096033402923,382.7300052642822,128.74085612137782
2022-06-01,0,472,472,1.0,39050.95005106926,82.73506366751961
2022-06-01,1,472,4,0.00847457627118644,370.18000411987305,83.51934333726511
2022-06-01,2,472,3,0.006355932203389831,511.85000228881836,84.603771308216
2022-06-01,3,472,8,0.01694915254237288,456.4499969482422,85.57082638649617
2022-06-01,4,472,11,0.023305084745762712,593.8000001907349,86.8288772343579
2022-06-01,5,472,6,0.012711864406779662,510.6100044250488,87.91067809119063
2022-06-01,6,472,9,0.019067796610169493,840.7199954986572,89.69186452233185
2022-06-01,7,472,4,0.00847457627118644,93.46999931335449,89.88989418189405
2022-06-01,8,472,5,0.01059322033898305,462.55000019073486,90.86987299585746
2022-06-01,9,472,4,0.00847457627118644,147.8700008392334,91.18315689594058
2022-06-01,10,472,1,0.00211864406779661,25.0,91.2361229976355
2022-06-01,11,472,5,0.01059322033898305,330.89999771118164,91.9371823148202
2022-06-01,12,472,4,0.00847457627118644,447.3100070953369,92.8848730078188
2022-06-01,13,472,7,0.014830508474576272,309.9000036716461,93.54144081220788
2022-06-01,14,472,9,0.019067796610169493,621.3400020599365,94.85783912165691
2022-06-01,15,472,3,0.006355932203389831,158.98999786376953,95.19468233746997
2022-06-01,16,472,2,0.00423728813559322,78.95000076293945,95.36194928823892
2022-06-01,17,472,2,0.00423728813559322,114.90999794006348,95.60540267370514
2022-06-01,18,472,6,0.012711864406779662,185.90000343322754,95.99925861318232
2022-06-01,19,472,3,0.006355932203389831,277.4500026702881,96.58707641544989
2022-06-01,20,472,6,0.012711864406779662,910.7400093078613,98.51661033347501
2022-06-01,21,472,4,0.00847457627118644,106.4900016784668,98.74222474381075
2022-06-01,22,472,1,0.00211864406779661,42.0,98.83120779465821
2022-06-01,23,472,4,0.00847457627118644,296.93999671936035,99.46031795719922
2022-06-01,24,472,4,0.00847457627118644,269.9300003051758,100.03220355106612
2022-06-01,25,472,4,0.00847457627118644,150.05999946594238,100.3501272787482
2022-06-01,26,472,6,0.012711864406779662,338.58999729156494,101.06747896792525
2022-06-01,27,472,9,0.019067796610169493,490.979998588562,102.10769082934169
2022-06-01,28,472,8,0.01694915254237288,800.0899968147278,103.80279675479663
2022-06-01,29,472,3,0.006355932203389831,201.93000030517578,104.23061455205335
2022-06-01,30,472,5,0.01059322033898305,632.9100017547607,105.57152557272022
2022-06-01,31,472,6,0.012711864406779662,565.450008392334,106.76951287863618
2022-06-01,32,472,4,0.00847457627118644,422.5,107.66463999728025
2022-06-01,33,472,3,0.006355932203389831,304.5,108.30976711592432
2022-06-01,34,472,5,0.01059322033898305,249.94999504089355,108.8393221901635
2022-06-01,35,472,6,0.012711864406779662,759.7500047683716,110.44896203077445
2022-06-01,36,472,2,0.00423728813559322,98.94999694824217,110.65860185481735
2022-06-01,37,472,5,0.01059322033898305,343.7299995422363,111.38684337927123
2022-06-01,38,472,7,0.014830508474576272,912.0299968719482,113.31911032179654
2022-06-01,39,472,7,0.014830508474576272,363.9099979400635,114.09010608014414
2022-06-01,40,472,5,0.01059322033898305,288.91999912261963,114.70222472235308
2022-06-01,41,472,4,0.00847457627118644,333.87000274658203,115.40957642308736
2022-06-01,42,472,6,0.012711864406779662,1184.0400009155273,117.91813574706094
2022-06-01,43,472,8,0.01694915254237288,385.9800024032593,118.73588998944072
2022-06-01,44,472,9,0.019067796610169493,726.3699941635132,120.27480946860071
2022-06-01,45,472,6,0.012711864406779662,593.019998550415,121.5312077706143
2022-06-01,46,472,3,0.006355932203389831,219.36000061035156,121.99595353461929
2022-06-01,47,472,6,0.012711864406779662,555.7000074386597,123.17328405885372
2022-06-01,48,472,8,0.01694915254237288,795.0499897003174,124.85771200313407
2022-06-01,49,472,4,0.00847457627118644,262.85999965667725,125.4146187820677
2022-06-01,50,472,3,0.006355932203389831,669.789999961853,126.83366539215638
2022-07-01,0,515,515,1.0,42794.51002073288,83.09613596258812
2022-07-01,1,515,6,0.011650485436893204,321.41999912261963,83.72025246573884
2022-07-01,2,515,4,0.007766990291262136,324.69999504089355,84.3507378930027
2022-07-01,3,515,6,0.011650485436893204,285.53000020980835,84.90516507787612
2022-07-01,4,515,5,0.009708737864077669,157.08999919891357,85.2101942025342
2022-07-01,5,515,7,0.013592233009708738,484.4600009918213,86.15089323358629
2022-07-01,6,515,4,0.007766990291262136,217.82000255584717,86.57384469485977
2022-07-01,7,515,4,0.007766990291262136,628.7399997711182,87.79469906334738
2022-07-01,8,515,8,0.015533980582524271,686.2000007629395,89.12712624929483
2022-07-01,9,515,8,0.015533980582524271,653.1399993896484,90.39535925781843
2022-07-01,10,515,9,0.017475728155339806,474.63000297546387,91.31697091408147
2022-07-01,11,515,7,0.013592233009708738,733.9400024414062,92.74209713241429
2022-07-01,12,515,9,0.017475728155339806,294.5799992084503,93.3140971308773
2022-07-01,13,515,5,0.009708737864077669,178.7800006866455,93.66124276327855
2022-07-01,14,515,3,0.005825242718446602,357.58999156951904,94.3555922614718
2022-07-01,15,515,4,0.007766990291262136,456.00000381469727,95.24102916208285
2022-07-01,16,515,4,0.007766990291262136,367.6200008392334,95.95485440643088
2022-07-01,17,515,2,0.003883495145631068,84.95000076293945,96.119805864223
2022-07-01,18,515,2,0.003883495145631068,34.97999954223633,96.18772819343123
2022-07-01,19,515,5,0.009708737864077669,350.9400005340576,96.86916508767212
2022-07-01,20,515,9,0.017475728155339806,527.3699989318848,97.89318450307383
2022-07-01,21,515,11,0.021359223300970873,547.1999959945679,98.95570876714095
2022-07-01,22,515,3,0.005825242718446602,45.0,99.04308740791765
2022-07-01,23,515,7,0.013592233009708738,364.789999961853,99.75141750493096
2022-07-01,24,515,4,0.007766990291262136,310.89999771118164,100.35510682087501
2022-07-01,25,515,5,0.009708737864077669,580.0799922943115,101.48147573795133
2022-07-01,26,515,6,0.011650485436893204,608.7799987792969,102.66357282295968
2022-07-01,27,515,10,0.019417475728155338,658.1600008010864,103.94155340703946
2022-07-01,28,515,2,0.003883495145631068,58.94000053405762,104.05600001001821
2022-07-01,29,515,4,0.007766990291262136,285.91000294685364,104.61116506428395
2022-07-01,30,515,15,0.02912621359223301,1356.8900022506714,107.24590293273185
2022-07-01,31,515,6,0.011650485436893204,422.6499996185303,108.06658254364162
2022-07-01,32,515,7,0.013592233009708738,805.2600231170654,109.63019423901456
2022-07-01,33,515,5,0.009708737864077669,197.88000106811523,110.01442725079731
2022-07-01,34,515,3,0.005825242718446602,191.2599983215332,110.38580588831485
2022-07-01,35,515,2,0.003883495145631068,75.57999992370605,110.5325631697201
2022-07-01,36,515,7,0.013592233009708738,568.4199962615967,111.63629131780087
2022-07-01,37,515,2,0.003883495145631068,135.8499984741211,111.90007772260499
2022-07-01,38,515,4,0.007766990291262136,123.48999977111816,112.13986412992755
2022-07-01,39,515,8,0.015533980582524271,559.9500026702881,113.22714568851063
2022-07-01,40,515,5,0.009708737864077669,314.4300003051758,113.8376893784236
2022-07-01,41,515,6,0.011650485436893204,526.2100028991699,114.85945637434432
2022-07-01,42,515,5,0.009708737864077669,118.92999935150146,115.09038841192005
2022-07-01,43,515,5,0.009708737864077669,509.8100042343139,116.08031075023911
2022-07-01,44,515,4,0.007766990291262136,311.5499975681305,116.68526220182771
2022-07-01,45,515,5,0.009708737864077669,234.29000091552734,117.14019424244039
2022-07-01,46,515,5,0.009708737864077669,402.01999855041504,117.92081559884896
2022-07-01,47,515,8,0.015533980582524271,614.1200017929077,119.1132816217478
2022-07-01,48,515,6,0.011650485436893204,400.6900062561035,119.89132046884703
2022-07-01,49,515,4,0.007766990291262136,180.78999996185303,120.24236901246228
2022-08-01,0,512,512,1.0,37777.40005159378,73.7839844757691
2022-08-01,1,512,5,0.009765625,335.3799991607666,74.43902353662997
2022-08-01,2,512,4,0.0078125,444.9000015258789,75.3079688521102
2022-08-01,3,512,11,0.021484375,803.2999992370605,76.87691416312009
2022-08-01,4,512,7,0.013671875,538.980001449585,77.92960947845131
2022-08-01,5,512,2,0.00390625,34.28999900817871,77.99658213276416
2022-08-01,6,512,4,0.0078125,305.38000202178955,78.59302744921297
2022-08-01,7,512,7,0.013671875,497.9399952888489,79.5655665025115
2022-08-01,8,512,8,0.015625,1177.3700008392334,81.86511728540063
2022-08-01,9,512,5,0.009765625,174.42000198364258,82.20578135177493
2022-08-01,10,512,5,0.009765625,474.5399971008301,83.13261728361249
2022-08-01,11,512,7,0.013671875,798.2600026130676,84.69171885121614
2022-08-01,12,512,8,0.015625,641.870002746582,85.94537120033056
2022-08-01,13,512,10,0.01953125,1291.020004272461,88.4668946461752
2022-08-01,14,512,6,0.01171875,436.35999298095703,89.31916025746614
2022-08-01,15,512,1,0.001953125,140.0,89.59259775746614
2022-08-01,16,512,10,0.01953125,874.6700057983398,91.30093761254102
2022-08-01,17,512,8,0.015625,633.8600034713745,92.53894543182105
2022-08-01,18,512,8,0.015625,546.699999332428,93.6067188680172
2022-08-01,19,512,4,0.0078125,95.72999954223633,93.79369152337313
2022-08-01,20,512,7,0.013671875,860.5000009536743,95.47435558773577
2022-08-01,21,512,5,0.009765625,320.05999755859375,96.0994727704674
2022-08-01,22,512,5,0.009765625,462.35999298095703,97.00251963175833
2022-08-01,23,512,7,0.013671875,296.20999908447266,97.5810547862202
2022-08-01,24,512,2,0.00390625,75.11000156402588,97.72775400802493
2022-08-01,25,512,8,0.015625,1328.4800052642822,100.32244151830673
2022-08-01,26,512,9,0.017578125,766.9900035858154,101.82046886906028
2022-08-01,27,512,7,0.013671875,641.2199993133545,103.07285168021917
2022-08-01,28,512,7,0.013671875,744.8500003814697,104.52763683721423
2022-08-01,29,512,9,0.017578125,906.6900053024292,106.29851575382054
2022-08-01,30,512,7,0.013671875,450.9499969482422,107.17927746661007
2022-08-01,31,512,2,0.00390625,63.96999931335449,107.30421887151897
2022-08-01,32,512,6,0.01171875,286.9300003051758,107.86462902836502
2022-08-01,33,512,8,0.015625,1005.6600027084351,109.82880872115493
2022-08-01,34,512,8,0.015625,698.5399971008301,111.19314465299249
2022-08-01,35,512,4,0.0078125,367.8800001144409,111.911660278216
2022-08-01,36,512,8,0.015625,680.079999923706,113.23994152806699
2022-08-01,37,512,6,0.01171875,306.21000027656555,113.83800793485716
2022-08-01,38,512,3,0.005859375,710.9500007629395,115.22658215509728
2022-08-01,39,512,7,0.013671875,918.4899997711182,117.02050793590024
2022-08-01,40,512,9,0.017578125,400.86999702453613,117.80345714883879
2022-08-01,41,512,2,0.00390625,399.88000106811523,118.58447277592495
2022-08-01,42,512,11,0.021484375,1423.1699981689453,121.36410167859867
2022-08-01,43,512,8,0.015625,674.5799980163574,122.68164073722437
2022-08-01,44,512,9,0.017578125,698.7199954986572,124.04632822843269
2022-08-01,45,512,5,0.009765625,250.02999687194824,124.53466806607321
2022-08-01,46,512,2,0.00390625,352.98000144958496,125.22408213140443
2022-08-01,47,512,3,0.005859375,464.4700050354004,126.1312501099892
2022-08-01,48,512,8,0.015625,1013.1500043869019,128.11005871230736
2022-09-01,0,542,542,1.0,44083.230125665665,81.3343729255824
2022-09-01,1,542,3,0.005535055350553505,139.77999782562256,81.59226960053743
2022-09-01,2,542,3,0.005535055350553505,171.0,81.90776775551898
2022-09-01,3,542,5,0.00922509225092251,868.9600009918213,83.51101498982123
2022-09-01,4,542,8,0.014760147601476014,1082.8100090026855,85.50881943447564
2022-09-01,5,542,5,0.00922509225092251,369.87000274658203,86.19123641371287
2022-09-01,6,542,10,0.01845018450184502,700.350001335144,87.48339508776296
2022-09-01,7,542,10,0.01845018450184502,1022.0100078582764,89.36902240853468
2022-09-01,8,542,2,0.0036900369003690036,105.48999977111816,89.56365340442235
2022-09-01,9,542,7,0.012915129151291513,650.0900077819824,90.7630814630607
2022-09-01,10,542,2,0.0036900369003690036,100.29000091552734,90.94811836511886
2022-09-01,11,542,5,0.00922509225092251,478.8299951553345,91.83156854068221
2022-09-01,12,542,2,0.0036900369003690036,248.98999977111816,92.29095968417136
2022-09-01,13,542,7,0.012915129151291513,569.8800010681152,93.34239880053319
2022-09-01,14,542,5,0.00922509225092251,190.48999977111816,93.69385636468655
2022-09-01,15,542,4,0.007380073800738007,166.4800033569336,94.00101504246688
2022-09-01,16,542,4,0.007380073800738007,394.50999641418457,94.72889326463326
2022-09-01,17,542,7,0.012915129151291513,656.6599960327148,95.9404430728117
2022-09-01,19,542,4,0.007380073800738007,520.1500015258789,96.90012942249045
2022-09-01,20,542,5,0.00922509225092251,608.3799991607666,98.0226017456653
2022-09-01,21,542,6,0.01107011070110701,697.4199981689453,99.30935450981464
2022-09-01,22,542,5,0.00922509225092251,819.4200134277344,100.82119955303924
2022-09-01,23,542,12,0.02214022140221402,1288.3700046539307,103.19826598229004
2022-09-01,24,542,9,0.016605166051660517,608.069995880127,104.32016634369248
2022-09-01,25,542,5,0.00922509225092251,169.81000137329102,104.63346892925206
2022-09-01,26,542,8,0.014760147601476014,998.2200107574463,106.47520326644292
2022-09-01,27,542,9,0.016605166051660517,581.0900068283081,107.54732505025899
2022-09-01,28,542,12,0.02214022140221402,905.1300024986267,109.2173066046845
2022-09-01,29,542,10,0.01845018450184502,792.9600028991699,110.68033244029182
2022-09-01,30,542,12,0.02214022140221402,866.1100053787231,112.27832138010497
2022-09-01,31,542,3,0.005535055350553505,340.7199983596802,112.90695606342541
2022-09-01,32,542,5,0.00922509225092251,360.7599983215332,113.57256491641716
2022-09-01,33,542,7,0.012915129151291513,621.9899978637695,114.72014793830604
2022-09-01,34,542,4,0.007380073800738007,655.9200077056885,115.9303324543682
2022-09-01,35,542,3,0.005535055350553505,478.54999923706055,116.81326603229635
2022-09-01,36,542,4,0.007380073800738007,217.97000122070312,117.2154247061353
2022-09-01,37,542,3,0.005535055350553505,102.72000217437744,117.40494500535
2022-09-01,38,542,3,0.005535055350553505,481.9000015258789,118.29405939930919
2022-09-01,39,542,2,0.0036900369003690036,123.9900016784668,118.52282324004437
2022-09-01,40,542,5,0.00922509225092251,445.5099983215332,119.34479740668927
2022-09-01,41,542,9,0.016605166051660517,860.7300043106079,120.93286014526973
2022-09-01,42,542,12,0.02214022140221402,687.0299997329712,122.20044317060731
2022-09-01,43,542,8,0.014760147601476014,725.8699998855591,123.53968671283158
2022-09-01,44,542,12,0.02214022140221402,656.0900077819824,124.75018488217104
2022-09-01,45,542,7,0.012915129151291513,852.2400045394897,126.32258341453172
2022-09-01,46,542,9,0.016605166051660517,556.5200052261353,127.34937309207072
2022-09-01,47,542,11,0.02029520295202952,1164.409999847412,129.49773102536852
2022-10-01,0,583,583,1.0,53119.83004426956,91.11463129377283
2022-10-01,1,583,7,0.012006861063464836,576.1500010490417,92.10288172438868
2022-10-01,2,583,7,0.012006861063464836,317.0699996948242,92.6467410720642
2022-10-01,3,583,5,0.008576329331046312,394.91999912261963,93.32413386644262
2022-10-01,4,583,5,0.008576329331046312,522.8800106048584,94.22101210075627
2022-10-01,5,583,12,0.02058319039451115,1580.8600039482117,96.93260730478407
2022-10-01,6,583,11,0.018867924528301886,795.7200002670288,98.29747866030213
2022-10-01,7,583,10,0.017152658662092625,1096.6900005340576,100.17859358403122
2022-10-01,8,583,4,0.00686106346483705,251.43999862670898,100.60988003107532
2022-10-01,9,583,6,0.010291595197255575,597.1800022125244,101.63420250485323
2022-10-01,10,583,1,0.0017152658662092624,110.0,101.82288175013626
2022-10-01,11,583,7,0.012006861063464836,244.9200038909912,102.24298467276232
2022-10-01,12,583,7,0.012006861063464836,493.4200048446655,103.08933116477718
2022-10-01,13,583,5,0.008576329331046312,507.7599983215332,103.96027455812458
2022-10-01,14,583,7,0.012006861063464836,718.5900001525879,105.19284745718562
2022-10-01,15,583,6,0.010291595197255575,673.9499969482422,106.34885088248278
2022-10-01,16,583,7,0.012006861063464836,293.43999767303467,106.85217849427185
2022-10-01,17,583,1,0.0017152658662092624,54.450000762939446,106.9455747219956
2022-10-01,18,583,7,0.012006861063464836,351.2400016784668,107.54804470772196
2022-10-01,19,583,12,0.02058319039451115,1771.9100036621094,110.5873414549983
2022-10-01,20,583,10,0.017152658662092625,890.7499942779541,112.11521451550936
2022-10-01,21,583,7,0.012006861063464836,547.1699962615967,113.05375653311073
2022-10-01,22,583,10,0.017152658662092625,641.3800048828125,114.15389376275536
2022-10-01,23,583,5,0.008576329331046312,356.4099998474121,114.76523166986927
2022-10-01,24,583,9,0.015437392795883362,821.9999990463257,116.17518021025748
2022-10-01,25,583,3,0.005145797598627788,77.36000061035156,116.30787317871435
2022-10-01,26,583,11,0.018867924528301886,834.189998626709,117.73873080929188
2022-10-01,27,583,9,0.015437392795883362,818.8600025177002,119.14329342081453
2022-10-01,28,583,9,0.015437392795883362,862.3500022888184,120.62245294446602
2022-10-01,29,583,8,0.0137221269296741,842.1999988555908,122.0670498550245
2022-10-01,30,583,6,0.010291595197255575,295.2100052833557,122.57341350045049
2022-10-01,31,583,9,0.015437392795883362,408.8799991607666,123.27475140638663
2022-10-01,32,583,3,0.005145797598627788,234.16999912261963,123.6764152127719
2022-10-01,33,583,8,0.0137221269296741,493.9799976348877,124.52372224130517
2022-10-01,34,583,7,0.012006861063464836,725.7800045013428,125.76862790940352
2022-10-01,35,583,5,0.008576329331046312,310.5299987792969,126.30126941674365
2022-10-01,36,583,14,0.024013722126929673,872.2700004577637,127.79744437464718
2022-10-01,37,583,7,0.012006861063464836,249.9200029373169,128.2261236249685
2022-10-01,38,583,5,0.008576329331046312,189.34000205993652,128.55089206760988
2022-10-01,39,583,7,0.012006861063464836,378.0900020599365,129.1994169424983
2022-10-01,40,583,5,0.008576329331046312,310.55999755859375,129.73210990572056
2022-10-01,41,583,5,0.008576329331046312,312.14000034332275,130.26751299378802
2022-10-01,42,583,3,0.005145797598627788,199.24000072479248,130.60926256621477
2022-10-01,43,583,12,0.02058319039451115,1029.1699981689453,132.3745627346006
2022-10-01,44,583,4,0.00686106346483705,200.87000179290771,132.71910819222137
2022-10-01,45,583,8,0.0137221269296741,931.3199996948242,134.31656959821592
2022-10-01,46,583,8,0.0137221269296741,1580.3000011444092,137.0272042485494
2022-11-01,0,554,554,1.0,50229.1000316143,90.66624554443015
2022-11-01,1,554,3,0.005415162454873646,260.93999671936035,91.13725636883333
2022-11-01,2,554,8,0.01444043321299639,389.87000274658203,91.84099283588492
2022-11-01,3,554,5,0.009025270758122744,271.80000042915344,92.33160655507112
2022-11-01,4,554,8,0.01444043321299639,830.6300067901611,93.83093869729163
2022-11-01,5,554,6,0.010830324909747292,621.8600006103516,94.95342967312259
2022-11-01,6,554,8,0.01444043321299639,860.1099967956543,96.50597479369236
2022-11-01,7,554,6,0.010830324909747292,576.1299953460693,97.54592063366721
2022-11-01,8,554,6,0.010830324909747292,475.82000160217285,98.40480150298521
2022-11-01,9,554,5,0.009025270758122744,316.4600009918213,98.97602894159861
2022-11-01,10,554,5,0.009025270758122744,227.09000205993652,99.38593869260933
2022-11-01,11,554,3,0.005415162454873646,370.68000411987305,100.0550361729701
2022-11-01,12,554,7,0.01263537906137184,500.8500003814697,100.95909754549983
2022-11-01,13,554,8,0.01444043321299639,569.0200138092041,101.9862094837836
2022-11-01,14,554,3,0.005415162454873646,105.22000026702881,102.17613728209953
2022-11-01,15,554,8,0.01444043321299639,1318.7100057601929,104.5564802527858
2022-11-01,16,554,8,0.01444043321299639,667.4800071716309,105.76131781085734
2022-11-01,17,554,7,0.01263537906137184,755.769998550415,107.12552358441404
2022-11-01,18,554,4,0.007220216606498195,102.47000026702881,107.31048748381302
2022-11-01,19,554,11,0.019855595667870037,897.4100008010864,108.9303611314684
2022-11-01,20,554,12,0.021660649819494584,1095.9300022125244,110.90857413185202
2022-11-01,21,554,7,0.01263537906137184,806.3099894523621,112.36400732580935
2022-11-01,22,554,9,0.016245487364620937,680.430004119873,113.59222032963584
2022-11-01,23,554,2,0.0036101083032490976,74.94999980926514,113.72750913795582
2022-11-01,24,554,8,0.01444043321299639,888.8600006103516,115.33194957227053
2022-11-01,25,554,5,0.009025270758122744,280.0299959182739,115.83741887898222
2022-11-01,26,554,8,0.01444043321299639,610.3700017929077,116.93916978474559
2022-11-01,27,554,6,0.010830324909747292,644.6200008392334,118.10274379348067
2022-11-01,28,554,9,0.016245487364620937,1391.2400064468384,120.61400734302369
2022-11-01,29,554,4,0.007220216606498195,314.38000106811523,121.18148026913943
2022-11-01,30,554,6,0.010830324909747292,478.61999893188477,122.04541528526195
2022-11-01,31,554,6,0.010830324909747292,425.7600040435791,122.8139351481565
2022-11-01,32,554,6,0.010830324909747292,576.1900024414062,123.85398930418792
2022-11-01,33,554,6,0.010830324909747292,295.05999851226807,124.38658857948083
2022-11-01,34,554,5,0.009025270758122744,574.4800024032593,125.42355609284411
2022-11-01,35,554,4,0.007220216606498195,350.8600025177002,126.05687739702769
2022-11-01,36,554,9,0.016245487364620937,1080.9900045394897,128.00812289258633
2022-11-01,37,554,8,0.01444043321299639,780.2800092697144,129.41657056274826
2022-11-01,38,554,9,0.016245487364620937,512.9400043487549,130.34245504713232
2022-11-01,39,554,8,0.01444043321299639,646.229998588562,131.50893518898891
2022-11-01,40,554,6,0.010830324909747292,791.0300006866455,132.9367871757879
2022-11-01,41,554,6,0.010830324909747292,850.4900016784668,134.4719676842328
2022-11-01,42,554,9,0.016245487364620937,643.3700008392334,135.63328537527835
2022-11-01,43,554,5,0.009025270758122744,525.1100025177002,136.5811373653825
2022-11-01,44,554,2,0.0036101083032490976,88.84000253677368,136.74149838079185
2022-11-01,45,554,9,0.016245487364620937,671.819995880127,137.95416985349965
2022-12-01,0,588,588,1.0,54380.51003050804,92.4838605961021
2022-12-01,1,588,8,0.013605442176870748,512.1199989318848,93.35481297523798
2022-12-01,2,588,8,0.013605442176870748,894.0399980545044,94.8752891624055
2022-12-01,3,588,6,0.01020408163265306,332.19000244140625,95.44023814614938
2022-12-01,4,588,7,0.011904761904761904,657.9399929046631,96.55918371231378
2022-12-01,5,588,13,0.022108843537414966,1245.3000011444092,98.67704085711719
2022-12-01,6,588,6,0.01020408163265306,421.3799991607666,99.39367350875115
2022-12-01,7,588,13,0.022108843537414966,1254.1700048446655,101.52661569386112
2022-12-01,8,588,7,0.011904761904761904,489.3699998855591,102.3588775984284
2022-12-01,9,588,7,0.011904761904761904,298.07999992370605,102.86581637380885
2022-12-01,10,588,13,0.022108843537414966,1215.2999877929688,104.93265308774248
2022-12-01,11,588,6,0.01020408163265306,306.17000579833984,105.45335037651516
2022-12-01,12,588,6,0.01020408163265306,566.9200029373169,106.41750004137454
2022-12-01,13,588,7,0.011904761904761904,528.3399991989136,107.31603745497814
2022-12-01,14,588,9,0.015306122448979591,876.9300079345703,108.80741501949271
2022-12-01,15,588,7,0.011904761904761904,950.640007019043,110.42414972530742
2022-12-01,16,588,9,0.015306122448979591,1166.7999935150146,112.40850345577512
2022-12-01,17,588,10,0.017006802721088437,1019.269998550415,114.14195583426222
2022-12-01,18,588,5,0.008503401360544218,583.7799987792969,115.1347789614379
2022-12-01,19,588,9,0.015306122448979591,681.4000015258789,116.2936225014479
2022-12-01,20,588,5,0.008503401360544218,402.76000022888184,116.97858848823171
2022-12-01,21,588,5,0.008503401360544218,312.86000061035156,117.5106633192017
2022-12-01,22,588,4,0.006802721088435374,664.8199977874756,118.6413095739423
2022-12-01,23,588,13,0.022108843537414966,1022.7800121307373,120.38073136328029
2022-12-01,24,588,14,0.023809523809523808,997.520001411438,122.07719395071472
2022-12-01,25,588,9,0.015306122448979591,766.3200044631958,123.38045926442763
2022-12-01,26,588,11,0.01870748299319728,1239.0700035095215,125.4877211751581
2022-12-01,27,588,6,0.01020408163265306,575.5900001525879,126.46661573324074
2022-12-01,28,588,3,0.00510204081632653,187.03000259399414,126.78469396894481
2022-12-01,29,588,13,0.022108843537414966,1191.580002784729,128.81119057232019
2022-12-01,30,588,7,0.011904761904761904,225.6100025177002,129.19488105279248
2022-12-01,31,588,13,0.022108843537414966,1590.539999961853,131.8998810527276
2022-12-01,32,588,6,0.01020408163265306,320.52999782562256,132.44500009664873
2022-12-01,33,588,4,0.006802721088435374,150.93999862670898,132.7017007745853
2022-12-01,34,588,8,0.013605442176870748,1615.5500030517578,135.4492347933808
2022-12-01,35,588,6,0.01020408163265306,549.6500015258789,136.38401370754048
2022-12-01,36,588,9,0.015306122448979591,852.2300052642822,137.83338446479266
2022-12-01,37,588,11,0.01870748299319728,1102.7500038146973,139.70880964134827
2022-12-01,38,588,7,0.011904761904761904,413.2800045013428,140.41166679186074
2022-12-01,39,588,5,0.008503401360544218,488.5800018310547,141.24258516232172
2022-12-01,40,588,6,0.01020408163265306,352.45999908447266,141.84200692947218
2022-12-01,41,588,12,0.02040816326530612,901.2599964141846,143.37476202541467
2022-12-01,42,588,3,0.00510204081632653,103.98999977111816,143.55161576652202
2022-12-01,43,588,11,0.01870748299319728,808.3399953842163,144.9263436498285
2022-12-01,44,588,3,0.00510204081632653,147.00999641418457,145.1763606505329
2023-01-01,0,618,618,1.0,51642.61008501053,83.56409398869017
2023-01-01,1,618,7,0.011326860841423949,467.6500024795532,84.32080920305839
2023-01-01,2,618,3,0.0048543689320388345,176.9699993133545,84.60716842524828
2023-01-01,3,618,3,0.0048543689320388345,177.48999786376953,84.89436906904079
2023-01-01,4,618,6,0.009708737864077669,421.5099983215332,85.57642408250605
2023-01-01,5,618,3,0.0048543689320388345,203.48000144958496,85.90567974828208
2023-01-01,6,618,7,0.011326860841423949,538.0999965667725,86.77639171683673
2023-01-01,7,618,10,0.016181229773462782,411.50000858306885,87.44224933590318
2023-01-01,8,618,9,0.014563106796116505,1365.1599979400635,89.651246096324
2023-01-01,9,618,6,0.009708737864077669,351.23999977111816,90.21959561051675
2023-01-01,10,618,8,0.012944983818770227,448.53999519348145,90.9453884829981
2023-01-01,11,618,7,0.011326860841423949,511.66000175476074,91.77331728842653
2023-01-01,12,618,8,0.012944983818770227,915.1700038909912,93.25417489990062
2023-01-01,13,618,12,0.019417475728155338,1051.8799934387207,94.95624608669466
2023-01-01,14,618,7,0.011326860841423949,475.95000648498535,95.72639172825613
2023-01-01,15,618,6,0.009708737864077669,186.54000043869019,96.02823638916016
2023-01-01,16,618,11,0.01779935275080906,678.4900012016296,97.12611665000422
2023-01-01,17,618,7,0.011326860841423949,410.15999698638916,97.78980596551618
2023-01-01,18,618,6,0.009708737864077669,722.0800018310547,98.95822020796125
2023-01-01,19,618,13,0.021035598705501618,960.3500080108643,100.51218462221831
2023-01-01,20,618,7,0.011326860841423949,296.6800012588501,100.99224934917437
2023-01-01,21,618,5,0.008090614886731391,301.85999870300293,101.48069594901742
2023-01-01,22,618,3,0.0048543689320388345,189.9900016784668,101.7881231361994
2023-01-01,23,618,8,0.012944983818770227,855.0299968719482,103.17166682045823
2023-01-01,24,618,8,0.012944983818770227,518.5100059509277,104.01067977507138
2023-01-01,25,618,8,0.012944983818770227,652.3300018310547,105.06622993984655
2023-01-01,26,618,6,0.009708737864077669,578.4799976348877,106.00228171595478
2023-01-01,27,618,5,0.008090614886731391,836.1099977493286,107.35521051490191
2023-01-01,28,618,4,0.006472491909385114,180.54000091552734,107.64734643871344
2023-01-01,29,618,8,0.012944983818770227,569.5099983215332,108.56888365282596
2023-01-01,30,618,5,0.008090614886731391,377.56000232696533,109.17982216791813
2023-01-01,31,618,12,0.019417475728155338,986.6500053405762,110.77634321215855
2023-01-01,32,618,12,0.019417475728155338,1369.8600025177002,112.99294515798007
2023-01-01,33,618,5,0.008090614886731391,300.8600025177002,113.47977364101843
2023-01-01,34,618,7,0.011326860841423949,556.1699962615967,114.37972509127991
2023-01-01,35,618,8,0.012944983818770227,742.5100002288818,115.58119758355964
2023-01-01,36,618,7,0.011326860841423949,651.4199981689453,116.63527525049969
2023-01-01,37,618,7,0.011326860841423949,572.4800052642822,117.56161830108914
2023-01-01,38,618,10,0.016181229773462782,472.5900011062622,118.3263270407433
2023-01-01,39,618,7,0.011326860841423949,581.2300033569336,119.2668286642982
2023-01-01,40,618,12,0.019417475728155338,970.4699983596802,120.8371684674692
2023-01-01,41,618,10,0.016181229773462782,874.4200029373169,122.25208756607327
2023-01-01,42,618,11,0.01779935275080906,728.6599950790405,123.43114904678369
2023-01-01,43,618,6,0.009708737864077669,409.3500032424927,124.09352769280714
2023-02-01,0,539,539,1.0,46910.03006052971,87.03159565960985
2023-02-01,1,539,7,0.012987012987012988,430.9700002670288,87.83116894396426
2023-02-01,2,539,8,0.014842300556586271,799.6099967956543,89.31467543152577
2023-02-01,3,539,5,0.00927643784786642,806.9800033569336,90.8118554006481
2023-02-01,4,539,7,0.012987012987012988,408.7900047302246,91.57027841498989
2023-02-01,5,539,6,0.011131725417439703,429.05999755859375,92.3663080950615
2023-02-01,6,539,7,0.012987012987012988,592.8000030517578,93.46612257196642
2023-02-01,7,539,8,0.014842300556586271,876.3600006103516,95.09202238757004
2023-02-01,8,539,4,0.0074211502782931356,166.97000122070312,95.40179975532645
2023-02-01,9,539,6,0.011131725417439703,660.8899993896484,96.62794075604936
2023-02-01,10,539,4,0.0074211502782931356,260.0499987602234,97.11040828621675
2023-02-01,11,539,10,0.01855287569573284,932.0299873352051,98.83959193618931
2023-02-01,12,539,9,0.016697588126159554,486.06000232696533,99.74137301657328
2023-02-01,13,539,5,0.00927643784786642,211.01000022888184,100.13285724705358
2023-02-01,14,539,2,0.0037105751391465678,159.92000007629395,100.42955483532128
2023-02-01,15,539,11,0.02040816326530612,1099.6999940872192,102.46981456461111
2023-02-01,16,539,8,0.014842300556586271,927.7600040435791,104.19107616766043
2023-02-01,17,539,7,0.012987012987012988,377.23999977111816,104.89096484998161
2023-02-01,18,539,5,0.00927643784786642,229.28000259399414,105.31634518874598
2023-02-01,19,539,8,0.014842300556586271,938.8499937057495,107.05818191176222
2023-02-01,20,539,5,0.00927643784786642,677.9600028991699,108.31599267780891
2023-02-01,21,539,9,0.016697588126159554,592.4700050354004,109.41519491349611
2023-02-01,22,539,8,0.014842300556586271,1113.999994277954,111.48198525538471
2023-02-01,23,539,7,0.012987012987012988,602.4099969863892,112.59962903458023
2023-02-01,24,539,7,0.012987012987012988,853.8200054168701,114.18371067728314
2023-02-01,25,539,10,0.01855287569573284,708.2499980926514,115.49771809489475
2023-02-01,26,539,6,0.011131725417439703,412.25000190734863,116.26256039899002
2023-02-01,27,539,10,0.01855287569573284,1002.0099935531616,118.1215770846174
2023-02-01,28,539,4,0.0074211502782931356,180.90999603271484,118.45721715146846
2023-02-01,29,539,8,0.014842300556586271,683.899998664856,119.72604831782255
2023-02-01,30,539,7,0.012987012987012988,312.5499973297119,120.30591844273852
2023-02-01,31,539,6,0.011131725417439703,426.47999572753906,121.0971614774835
2023-02-01,32,539,17,0.03153988868274583,2785.159984588623,126.26443417616368
2023-02-01,33,539,6,0.011131725417439703,555.1699962615967,127.29443416922787
2023-02-01,34,539,8,0.014842300556586271,489.0499963760376,128.2017625484042
2023-02-01,35,539,8,0.014842300556586271,810.7399988174438,129.70591839036607
2023-02-01,36,539,6,0.011131725417439703,499.3400001525879,130.63233768563987
2023-02-01,37,539,5,0.00927643784786642,214.92999935150146,131.0310946417651
2023-02-01,38,539,7,0.012987012987012988,1202.6600017547607,133.26237479344368
2023-02-01,39,539,8,0.014842300556586271,603.4200115203857,134.38189244004923
2023-02-01,40,539,7,0.012987012987012988,810.4499979019165,135.88551024691736
2023-02-01,41,539,2,0.0037105751391465678,115.8900032043457,136.1005195293002
2023-02-01,42,539,9,0.016697588126159554,690.340000629425,137.3812987512472
2023-03-01,0,637,637,1.0,52571.61007928848,82.53000012447171
2023-03-01,1,637,7,0.01098901098901099,551.6700038909912,83.39604408662397
2023-03-01,2,637,7,0.01098901098901099,477.439998626709,84.14555742826717
2023-03-01,3,637,9,0.0141287284144427,850.9600048065186,85.4814444059854
2023-03-01,4,637,8,0.012558869701726845,666.0900001525879,86.52711159617785
2023-03-01,5,637,8,0.012558869701726845,886.9400045871735,87.91948209003526
2023-03-01,6,637,6,0.009419152276295133,398.5900077819824,88.54521208655329
2023-03-01,7,637,11,0.01726844583987441,532.4400024414062,89.38106766338439
2023-03-01,8,637,7,0.01098901098901099,368.9800033569336,89.96031413647219
2023-03-01,9,637,6,0.009419152276295133,408.5299987792969,90.60164851446167
2023-03-01,10,637,5,0.007849293563579277,578.0699996948242,91.50913674004224
2023-03-01,11,637,2,0.0031397174254317113,343.4600009918213,92.04832041506864
2023-03-01,12,637,10,0.015698587127158554,1356.8699986934662,94.17841460454034
2023-03-01,13,637,10,0.015698587127158554,729.4300060272217,95.32351665481855
2023-03-01,14,637,6,0.009419152276295133,476.3199987411499,96.07127175488314
2023-03-01,15,637,3,0.004709576138147566,431.9600028991699,96.74938792897917
2023-03-01,16,637,5,0.007849293563579277,251.7100031375885,97.14453707048246
2023-03-01,17,637,13,0.02040816326530612,1021.0300016403198,98.7474099145018
2023-03-01,18,637,3,0.004709576138147566,162.44000244140625,99.00241776762802
2023-03-01,19,637,4,0.006279434850863423,311.92000007629395,99.49208809741812
2023-03-01,20,637,11,0.01726844583987441,1526.0600137710571,101.8877867061639
2023-03-01,21,637,11,0.01726844583987441,1214.909996509552,103.79502374935001
2023-03-01,22,637,9,0.0141287284144427,1018.6100063323975,105.39409754265047
2023-03-01,23,637,6,0.009419152276295133,649.9099998474121,106.4143644183921
2023-03-01,24,637,4,0.006279434850863423,692.9200038909912,107.50215092371546
2023-03-01,25,637,5,0.007849293563579277,96.71999835968018,107.65398765583427
2023-03-01,26,637,10,0.015698587127158554,1546.0200061798096,110.08102063256867
2023-03-01,27,637,4,0.006279434850863423,253.23999619483948,110.47857164700326
2023-03-01,28,637,8,0.012558869701726845,403.1299977302551,111.11142878629724
2023-03-01,29,637,6,0.009419152276295133,377.959997177124,111.7047725809238
2023-03-01,30,637,10,0.015698587127158554,1219.7000064849854,113.61952926300384
2023-03-01,31,637,5,0.007849293563579277,348.4799995422363,114.16659362649244
2023-03-01,32,637,6,0.009419152276295133,257.7200012207031,114.5711776158499
2023-03-01,33,637,2,0.0031397174254317113,83.89999961853027,114.7028887612479
2023-03-01,34,637,8,0.012558869701726845,621.9200019836426,115.67921529497418
2023-03-01,35,637,4,0.006279434850863423,338.9400062561035,116.2113032168833
2023-03-01,36,637,6,0.009419152276295133,1022.9700050354004,117.81722159213511
2023-03-01,37,637,10,0.015698587127158554,1010.0499963760376,119.40285737922464
2023-03-01,38,637,8,0.012558869701726845,608.2299995422363,120.35769254334119
2023-03-01,39,637,8,0.012558869701726845,820.4999980926514,121.64576161413028
2023-03-01,40,637,13,0.02040816326530612,783.8099927902222,122.87623256042576
2023-03-01,41,637,4,0.006279434850863423,416.13999938964844,123.52951356417718
2023-04-01,0,623,623,1.0,55588.21006202698,89.22666141577363
2023-04-01,1,623,4,0.006420545746388443,232.39000129699707,89.5996790743563
2023-04-01,2,623,5,0.008025682182985553,898.5600109100342,91.04199048833709
2023-04-01,3,623,10,0.016051364365971106,901.1099977493286,92.48839497910647
2023-04-01,4,623,5,0.008025682182985553,370.7200002670288,93.08345115931039
2023-04-01,5,623,5,0.008025682182985553,241.94999980926514,93.4718139198389
2023-04-01,6,623,8,0.012841091492776886,978.6800012588501,95.04272884962838
2023-04-01,7,623,11,0.01765650080256822,1333.129988193512,97.18258436839807
2023-04-01,8,623,3,0.004815409309791332,297.23000144958496,97.6596790737746
2023-04-01,9,623,7,0.011235955056179775,691.6899967193604,98.76993589033859
2023-04-01,10,623,6,0.009630818619582664,500.29000091552734,99.5729695996733
2023-04-01,11,623,6,0.009630818619582664,332.76000213623047,100.1070948037443
2023-04-01,12,623,1,0.0016051364365971107,88.86999893188477,100.24974327715022
2023-04-01,13,623,5,0.008025682182985553,1186.8499946594238,102.15479944835313
2023-04-01,14,623,8,0.012841091492776886,476.51000118255615,102.91966301365419
2023-04-01,15,623,6,0.009630818619582664,496.50999450683594,103.71662929697175
2023-04-01,16,623,9,0.014446227929373997,457.8499984741211,104.4515410120185
2023-04-01,17,623,4,0.006420545746388443,361.89000129699707,105.03242383914048
2023-04-01,18,623,5,0.008025682182985553,177.42000198364258,105.31720714890555
2023-04-01,19,623,8,0.012841091492776886,870.9200010299683,106.71515257591994
2023-04-01,20,623,3,0.004815409309791332,171.8600025177002,106.99101132795478
2023-04-01,21,623,4,0.006420545746388443,303.9299964904785,107.47886043949647
2023-04-01,22,623,7,0.011235955056179775,551.9000015258789,108.36473524130366
2023-04-01,23,623,13,0.02086677367576244,1060.0899963378906,110.06632432049771
2023-04-01,24,623,4,0.006420545746388443,190.74999809265137,110.37250409271705
2023-04-01,25,623,9,0.014446227929373997,483.8500003814697,111.14914935817689
2023-04-01,26,623,6,0.009630818619582664,341.76999855041504,111.69773683578589
2023-04-01,27,623,6,0.009630818619582664,290.5600004196167,112.16412527947709
2023-04-01,28,623,9,0.014446227929373997,855.4799995422363,113.53728739752242
2023-04-01,29,623,6,0.009630818619582664,177.4699993133545,113.82215095982315
2023-04-01,30,623,5,0.008025682182985553,396.90000343322754,114.45922961701933
2023-04-01,31,623,9,0.014446227929373997,928.879997253418,115.95020874583702
2023-04-01,32,623,8,0.012841091492776886,465.32999992370605,116.6971268837563
2023-04-01,33,623,7,0.011235955056179775,1016.7099933624268,118.32908513955473
2023-04-01,34,623,7,0.011235955056179775,422.5500011444092,119.00733554267578
2023-04-01,35,623,8,0.012841091492776886,918.9199981689453,120.48232751405449
2023-04-01,36,623,9,0.014446227929373997,701.2299938201904,121.60789732757004
2023-04-01,37,623,1,0.0016051364365971107,310.1899995803833,122.10579459816456
2023-04-01,38,623,11,0.01765650080256822,1113.1499996185303,123.89255222195033
2023-04-01,39,623,7,0.011235955056179775,732.3900012969971,125.06813809883154
2023-04-01,40,623,9,0.014446227929373997,519.4699964523315,125.90195831785616
2023-05-01,0,669,669,1.0,57394.619984764606,85.79165917005173
2023-05-01,1,669,7,0.01046337817638266,403.2100009918213,86.39436470217701
2023-05-01,2,669,8,0.01195814648729447,1017.4100017547607,87.91515693200476
2023-05-01,3,669,8,0.01195814648729447,827.1199970245361,89.1515096928785
2023-05-01,4,669,7,0.01046337817638266,538.819995880127,89.95692074800576
2023-05-01,5,669,6,0.008968609865470852,150.80000019073486,90.18233180957637
2023-05-01,6,669,8,0.01195814648729447,697.5299987792969,91.22497754766201
2023-05-01,7,669,10,0.014947683109118086,980.220006942749,92.69017935176178
2023-05-01,8,669,11,0.016442451420029897,1274.3700003623962,94.59506724468017
2023-05-01,9,669,7,0.01046337817638266,750.4399881362915,95.71680115818732
2023-05-01,10,669,11,0.016442451420029897,777.3599920272827,96.87877424044036
2023-05-01,11,669,9,0.013452914798206279,969.0,98.3272047337139
2023-05-01,12,669,2,0.0029895366218236174,193.6500015258789,98.6166666194028
2023-05-01,13,669,10,0.014947683109118086,1086.2799987792969,100.24040353835542
2023-05-01,14,669,4,0.005979073243647235,413.7100009918213,100.8588041377453
2023-05-01,15,669,10,0.014947683109118086,582.6599988937378,101.72974584012756
2023-05-01,16,669,8,0.01195814648729447,277.10999584198,102.14396108054905
2023-05-01,17,669,7,0.01046337817638266,568.6199970245361,102.9939162330521
2023-05-01,18,669,11,0.016442451420029897,827.109992980957,104.23025404019852
2023-05-01,19,669,12,0.017937219730941704,1009.1299924850464,105.73866957455584
2023-05-01,20,669,7,0.01046337817638266,503.86999893188477,106.49183848177839
2023-05-01,21,669,9,0.013452914798206279,902.0200061798096,107.84014940282444
2023-05-01,22,669,11,0.016442451420029897,1153.250005722046,109.56399096593661
2023-05-01,23,669,5,0.007473841554559043,104.60999965667725,109.72035867842791
2023-05-01,24,669,2,0.0029895366218236174,27.08000087738037,109.76083700559889
2023-05-01,25,669,14,0.02092675635276532,1021.6500015258789,111.28796705272276
2023-05-01,26,669,5,0.007473841554559043,271.80999875068665,111.69426002544428
2023-05-01,27,669,5,0.007473841554559043,283.3700041770935,112.11783252795114
2023-05-01,28,669,5,0.007473841554559043,322.4799995422363,112.59986541216973
2023-05-01,29,669,7,0.01046337817638266,691.1200039386749,113.63292969309451
2023-05-01,30,669,10,0.014947683109118086,787.5400018692017,114.81011953146401
2023-05-01,31,669,11,0.016442451420029897,1387.7699975967407,116.88451414670578
2023-05-01,32,669,11,0.016442451420029897,814.9499988555908,118.10267557997273
2023-05-01,33,669,9,0.013452914798206279,774.9799966812134,119.26109112060234
2023-05-01,34,669,10,0.014947683109118086,854.8600025177002,120.53890876263179
2023-05-01,35,669,5,0.007473841554559043,156.83999824523926,120.77334822189225
2023-05-01,36,669,8,0.01195814648729447,664.0800085067749,121.76599397451821
2023-05-01,37,669,12,0.017937219730941704,829.5200042724609,123.00593419017211
2023-05-01,38,669,12,0.017937219730941704,1111.0000085830688,124.66662179642483
2023-05-01,39,669,8,0.01195814648729447,448.4499969482422,125.33695064089157
2023-06-01,0,615,615,1.0,53407.31008434296,86.84115460868773
2023-06-01,1,615,3,0.004878048780487805,136.35000228881836,87.06286192948257
2023-06-01,2,615,6,0.00975609756097561,781.2099990844727,88.33312209059552
2023-06-01,3,615,8,0.013008130081300813,524.4299993515015,89.18585379685813
2023-06-01,4,615,1,0.0016260162601626016,25.0,89.2265042033622
2023-06-01,5,615,9,0.014634146341463415,578.6199989318848,90.1673497300807
2023-06-01,6,615,10,0.016260162601626018,595.9100046157837,91.13630908717954
2023-06-01,7,615,8,0.013008130081300813,723.0700016021729,92.31203266702047
2023-06-01,8,615,9,0.014634146341463415,1082.959997177124,94.07294323153612
2023-06-01,9,615,9,0.014634146341463415,869.9099998474121,95.48743103616606
2023-06-01,10,615,7,0.011382113821138212,608.7899951934814,96.47733346737498
2023-06-01,11,615,8,0.013008130081300813,789.0200004577637,97.7602928177128
2023-06-01,12,615,8,0.013008130081300813,566.0800018310547,98.68074810524297
2023-06-01,13,615,9,0.014634146341463415,579.6200046539307,99.62321965752578
2023-06-01,14,615,5,0.008130081300813009,272.5699996948242,100.06642290906208
2023-06-01,15,615,4,0.0065040650406504065,422.61999893188477,100.75360989919523
2023-06-01,16,615,9,0.014634146341463415,703.6300048828125,101.89772372827298
2023-06-01,17,615,9,0.014634146341463415,398.51999855041504,102.54572372591592
2023-06-01,18,615,10,0.016260162601626018,1352.4600019454956,104.74484568029884
2023-06-01,19,615,11,0.01788617886178862,971.2700099945068,106.3241465095582
2023-06-01,20,615,8,0.013008130081300813,871.7999992370605,107.74170748392741
2023-06-01,21,615,11,0.01788617886178862,1046.6499996185303,109.44357740200633
2023-06-01,22,615,8,0.013008130081300813,875.0000076293945,110.86634164205411
2023-06-01,23,615,7,0.011382113821138212,822.4500026702881,112.20365871956677
2023-06-01,24,615,7,0.011382113821138212,974.6099967956543,113.78839042167354
2023-06-01,25,615,5,0.008130081300813009,522.3800010681152,114.63778879739405
2023-06-01,26,615,9,0.014634146341463415,640.3400001525879,115.67899204967468
2023-06-01,27,615,6,0.00975609756097561,238.75,116.0672034317885
2023-06-01,28,615,4,0.0065040650406504065,547.8799953460693,116.95806521283902
2023-06-01,29,615,8,0.013008130081300813,594.0599956512451,117.92401642528007
2023-06-01,30,615,8,0.013008130081300813,716.720006942749,119.08941481055282
2023-06-01,31,615,6,0.00975609756097561,470.88000106811523,119.85507334887497
2023-06-01,32,615,12,0.01951219512195122,978.7099962234497,121.44647171671798
2023-06-01,33,615,11,0.01788617886178862,1029.3900051116943,123.12027660307845
2023-06-01,34,615,4,0.0065040650406504065,149.89999961853027,123.36401643985656
2023-06-01,35,615,5,0.008130081300813009,274.68000078201294,123.81065058746958
2023-06-01,36,615,6,0.00975609756097561,175.5099973678589,124.09603269701081
2023-06-01,37,615,8,0.013008130081300813,657.0300064086914,125.16437417084609
2023-06-01,38,615,6,0.00975609756097561,324.3300037384033,125.69174003058333
2023-07-01,0,735,735,1.0,63128.72006344795,85.88941505231014
2023-07-01,1,735,13,0.017687074829931974,760.2500047683716,86.92376880029431
2023-07-01,2,735,8,0.010884353741496598,641.6500015258789,87.79676199964925
2023-07-01,3,735,8,0.010884353741496598,966.3399887084961,89.11151028360639
2023-07-01,4,735,12,0.0163265306122449,844.4200010299683,90.26038103330703
2023-07-01,5,735,8,0.010884353741496598,1016.9800043106079,91.64402729767521
2023-07-01,6,735,8,0.010884353741496598,460.290002822876,92.27027219947503
2023-07-01,7,735,7,0.009523809523809525,867.389999628067,93.4503946479486
2023-07-01,8,735,3,0.004081632653061225,219.98999977111816,93.74970077008618
2023-07-01,9,735,8,0.010884353741496598,454.2699956893921,94.3677551859901
2023-07-01,10,735,6,0.00816326530612245,331.6800003051758,94.81902049252776
2023-07-01,11,735,12,0.0163265306122449,1070.7300004959106,96.27579600340655
2023-07-01,12,735,12,0.0163265306122449,641.6999988555908,97.14885722633933
2023-07-01,13,735,7,0.009523809523809525,413.3499975204468,97.71123817534674
2023-07-01,14,735,9,0.012244897959183673,834.8600006103516,98.84710212175538
2023-07-01,15,735,15,0.02040816326530612,1249.2900037765503,100.54681641260782
2023-07-01,16,735,6,0.00816326530612245,497.5299997329712,101.22372797687038
2023-07-01,17,735,6,0.00816326530612245,447.1999988555908,101.83216334946302
2023-07-01,18,735,16,0.021768707482993196,702.0899991989136,102.78738783816902
2023-07-01,19,735,8,0.010884353741496598,689.1199989318848,103.72496606800831
2023-07-01,20,735,12,0.0163265306122449,928.430009841919,104.9881361494259
2023-07-01,21,735,16,0.021768707482993196,1557.5600147247314,107.10726542116022
2023-07-01,22,735,8,0.010884353741496598,475.5299997329712,107.75424501263366
2023-07-01,23,735,8,0.010884353741496598,750.0700044631958,108.77474842006657
2023-07-01,24,735,18,0.024489795918367346,1561.780011177063,110.89961918357278
2023-07-01,25,735,8,0.010884353741496598,798.8800029754639,111.98653075224688
2023-07-01,26,735,9,0.012244897959183673,886.4199867248535,113.19254433962763
2023-07-01,27,735,8,0.010884353741496598,1082.5999908447266,114.66546949723951
2023-07-01,28,735,8,0.010884353741496598,1065.230001449585,116.11476201621853
2023-07-01,29,735,14,0.01904761904761905,1516.2299966812134,118.17765997088685
2023-07-01,30,735,14,0.01904761904761905,1133.9400024414062,119.72043548441258
2023-07-01,31,735,8,0.010884353741496598,897.2700004577637,120.94121099523946
2023-07-01,32,735,10,0.013605442176870748,596.2900066375732,121.7524899158348
2023-07-01,33,735,9,0.012244897959183673,1184.220006942749,123.36367359875011
2023-07-01,34,735,7,0.009523809523809525,808.2400074005127,124.46331986732224
2023-07-01,35,735,5,0.006802721088435374,349.9799995422363,124.93948313200555
2023-07-01,36,735,10,0.013605442176870748,899.9700002670288,126.16393211196069
2023-07-01,37,735,10,0.013605442176870748,1055.970004081726,127.60062599506507
2023-08-01,0,662,662,1.0,57195.17002868652,86.39753780768358
2023-08-01,1,662,9,0.013595166163141994,453.0000057220459,87.08182784653863
2023-08-01,2,662,9,0.013595166163141994,985.5599937438965,88.57058916639345
2023-08-01,3,662,10,0.015105740181268883,710.8000032901764,89.6443051834481
2023-08-01,4,662,15,0.022658610271903322,1091.1600008010864,91.29258313027754
2023-08-01,5,662,10,0.015105740181268883,759.3100023269653,92.43957709149652
2023-08-01,6,662,9,0.013595166163141994,729.3699989318848,93.54134446148426
2023-08-01,7,662,14,0.021148036253776436,1541.9000034332275,95.87049854522026
2023-08-01,8,662,6,0.00906344410876133,1169.5699996948242,97.63722059913992
2023-08-01,9,662,6,0.00906344410876133,241.9200038909912,98.0026586714828
2023-08-01,10,662,3,0.004531722054380665,345.42999839782715,98.52445625214418
2023-08-01,11,662,8,0.012084592145015106,1051.7600002288818,100.11321758179506
2023-08-01,12,662,9,0.013595166163141994,1152.5,101.8541541376863
2023-08-01,13,662,10,0.015105740181268883,784.7599983215332,103.0395922016161
2023-08-01,14,662,6,0.00906344410876133,326.94999980926514,103.53347437655458
2023-08-01,15,662,6,0.00906344410876133,492.0600004196167,104.27676742854796
2023-08-01,16,662,7,0.010574018126888218,486.74000453948975,105.01202423298827
2023-08-01,17,662,11,0.01661631419939577,842.569995880127,106.28478857721807
2023-08-01,18,662,5,0.0075528700906344415,521.8200016021729,107.07303631377724
2023-08-01,19,662,14,0.021148036253776436,1431.7299995422363,109.23577045205857
2023-08-01,20,662,12,0.01812688821752266,1301.960012435913,111.20247741948442
2023-08-01,21,662,11,0.01661631419939577,588.9199938774109,112.09208466099108
2023-08-01,22,662,9,0.013595166163141994,719.7200002670288,113.17927499372072
2023-08-01,23,662,7,0.010574018126888218,781.0400004386902,114.35909372550122
2023-08-01,24,662,10,0.015105740181268883,881.1000003814697,115.69006049344907
2023-08-01,25,662,11,0.01661631419939577,1168.2100009918213,117.45472816866331
2023-08-01,26,662,12,0.01812688821752266,970.9400081634521,118.92140491815492
2023-08-01,27,662,10,0.015105740181268883,869.9500064849854,120.23552879502046
2023-08-01,28,662,10,0.015105740181268883,688.7199935913086,121.275891323104
2023-08-01,29,662,5,0.0075528700906344415,474.32000160217285,121.99238679380215
2023-08-01,30,662,7,0.010574018126888218,775.0699996948242,123.16318739757077
2023-08-01,31,662,5,0.0075528700906344415,512.0299940109253,123.93664660302534
2023-08-01,32,662,8,0.012084592145015106,439.0399971008301,124.59984901556436
2023-08-01,33,662,11,0.01661631419939577,958.0199956893921,126.04700912989878
2023-08-01,34,662,2,0.0030211480362537764,170.19000625610352,126.3040937314941
2023-08-01,35,662,12,0.01812688821752266,668.3000030517578,127.31361035241821
2023-08-01,36,662,9,0.013595166163141994,1033.5499992370605,128.8748641277008
2023-09-01,0,691,691,1.0,58212.06006062031,84.2432128228948
2023-09-01,1,691,13,0.01881331403762663,945.8999962806702,85.61209849045004
2023-09-01,2,691,7,0.010130246020260492,451.9099979400635,86.26609269875694
2023-09-01,3,691,9,0.013024602026049204,828.1600046157837,87.46458764031378
2023-09-01,4,691,15,0.02170767004341534,1911.170000076294,90.2303908242158
2023-09-01,5,691,11,0.015918958031837915,1226.7800030708313,92.00575985905058
2023-09-01,6,691,12,0.017366136034732273,620.1400032043457,92.90321283040275
2023-09-01,7,691,14,0.020260492040520984,1258.3800067901611,94.72431269551151
2023-09-01,8,691,9,0.013024602026049204,1105.0500011444092,96.32351674926609
2023-09-01,9,691,15,0.02170767004341534,894.5299968719482,97.61806088366833
2023-09-01,10,691,8,0.011577424023154847,456.71000480651855,98.2790015563261
2023-09-01,11,691,10,0.01447178002894356,915.2700004577637,99.60356016769768
2023-09-01,12,691,14,0.020260492040520984,954.0099983215332,100.98418245180989
2023-09-01,13,691,9,0.013024602026049204,881.1800050735474,102.25940677174266
2023-09-01,14,691,8,0.011577424023154847,856.7699966430664,103.49930546442438
2023-09-01,15,691,9,0.013024602026049204,1138.459997177124,105.14685972951428
2023-09-01,16,691,8,0.011577424023154847,803.4400062561035,106.30958043321341
2023-09-01,17,691,8,0.011577424023154847,603.7399997711182,107.18329968034962
2023-09-01,18,691,17,0.024602026049204053,1470.230013847351,109.31098421558457
2023-09-01,19,691,3,0.004341534008683068,112.59000015258789,109.47392198715127
2023-09-01,20,691,3,0.004341534008683068,305.32999992370605,109.9157888466646
2023-09-01,21,691,11,0.015918958031837915,1036.8600072860718,111.41630984128987
2023-09-01,22,691,10,0.01447178002894356,1389.5299949645996,113.42720708436455
2023-09-01,23,691,6,0.008683068017366137,405.8800048828125,114.01458769924561
2023-09-01,24,691,11,0.015918958031837915,659.810001373291,114.96945021932274
2023-09-01,25,691,7,0.010130246020260492,754.1000099182129,116.06076716565879
2023-09-01,26,691,8,0.011577424023154847,662.1000061035156,117.01894373020801
2023-09-01,27,691,7,0.010130246020260492,618.9599962234497,117.91468902141416
2023-09-01,28,691,16,0.023154848046309694,1071.689998626709,119.46561521334863
2023-09-01,29,691,8,0.011577424023154847,407.67999839782715,120.05560073924997
2023-09-01,30,691,11,0.015918958031837915,647.8899974822998,120.99321289190162
2023-09-01,31,691,6,0.008683068017366137,242.62999629974365,121.34434168538895
2023-09-01,32,691,9,0.013024602026049204,624.220000743866,122.24769913943217
2023-09-01,33,691,3,0.004341534008683068,285.3099937438965,122.66059348638427
2023-09-01,34,691,15,0.02170767004341534,1114.4200077056885,124.2733576075213
2023-09-01,35,691,8,0.011577424023154847,911.5200042724609,125.59248930690258
2023-10-01,0,748,748,1.0,63489.370061159134,84.87883698015926
2023-10-01,1,748,8,0.0106951871657754,755.8200054168701,85.88929153285562
2023-10-01,2,748,4,0.0053475935828877,250.1300003528595,86.22368992904929
2023-10-01,3,748,13,0.017379679144385027,1177.1099948883057,87.7973663928037
2023-10-01,4,748,17,0.022727272727272728,954.4100079536438,89.07331560129788
2023-10-01,5,748,10,0.013368983957219251,712.2300062179565,90.02549475399569
2023-10-01,6,748,9,0.012032085561497326,809.8400025367737,91.10816855417853
2023-10-01,7,748,5,0.0066844919786096255,410.9799976348877,91.65760705369041
2023-10-01,8,748,13,0.017379679144385027,1021.2499895095825,93.02291452629682
2023-10-01,9,748,11,0.014705882352941176,913.6700038909912,94.24439848871792
2023-10-01,10,748,10,0.013368983957219251,682.4299983978271,95.1567380587685
2023-10-01,11,748,7,0.009358288770053475,257.209997177124,95.50060169135823
2023-10-01,12,748,9,0.012032085561497326,866.2000207901001,96.65862310952681
2023-10-01,13,748,14,0.01871657754010695,1193.330005645752,98.25398407964146
2023-10-01,14,748,8,0.0106951871657754,612.4500102996826,99.07276751587098
2023-10-01,15,748,10,0.013368983957219251,1114.1200065612793,100.56223276528445
2023-10-01,16,748,16,0.0213903743315508,1692.5499985218048,102.8250001429874
2023-10-01,17,748,10,0.013368983957219251,691.6000061035156,103.74959908162846
2023-10-01,18,748,14,0.01871657754010695,644.5999982357025,104.61136378515214
2023-10-01,19,748,12,0.016042780748663103,871.4800028800964,105.77644400290627
2023-10-01,20,748,14,0.01871657754010695,897.2600040435791,106.97598946285758
2023-10-01,21,748,11,0.014705882352941176,687.39000415802,107.89496005665173
2023-10-01,22,748,9,0.012032085561497326,501.10999584198,108.56489320617308
2023-10-01,23,748,8,0.0106951871657754,455.95999908447266,109.17446539746248
2023-10-01,24,748,8,0.0106951871657754,1035.2799968719482,110.5585295644036
2023-10-01,25,748,13,0.017379679144385027,1557.780005455017,112.6411231545841
2023-10-01,26,748,8,0.0106951871657754,874.1900014877319,113.8098263651292
2023-10-01,27,748,11,0.014705882352941176,566.9199981689453,114.56774080118393
2023-10-01,28,748,9,0.012032085561497326,988.0500059127808,115.88866326898177
2023-10-01,29,748,11,0.014705882352941176,792.7900047302246,116.94854295444999
2023-10-01,30,748,12,0.016042780748663103,819.1900000572205,118.04371675131793
2023-10-01,31,748,10,0.013368983957219251,612.8900022506714,118.86308841208086
2023-10-01,32,748,9,0.012032085561497326,799.120002746582,119.93143066174206
2023-10-01,33,748,17,0.022727272727272728,934.1299982070923,121.18026755774085
2023-10-01,34,748,6,0.008021390374331552,246.5999984741211,121.50994670008593
2023-11-01,0,739,739,1.0,64441.60998606682,87.20109605692397
2023-11-01,1,739,8,0.010825439783491205,517.0500040054321,87.90075776735081
2023-11-01,2,739,15,0.02029769959404601,1164.2200031280518,89.47615695967565
2023-11-01,3,739,9,0.012178619756427604,716.6700143814087,90.44594047034062
2023-11-01,4,739,9,0.012178619756427604,643.0399971008301,91.31608931621453
2023-11-01,5,739,3,0.0040595399188092015,296.48000144958496,91.71728011655227
2023-11-01,6,739,7,0.009472259810554804,479.29999923706055,92.36585927654829
2023-11-01,7,739,8,0.010825439783491205,1212.1399936676025,94.00610284037454
2023-11-01,8,739,8,0.010825439783491205,1116.649998664856,95.51713125534728
2023-11-01,9,739,12,0.016238159675236806,991.1200008392334,96.85829499125964
2023-11-01,10,739,11,0.014884979702300407,700.8200016021729,97.80663058206096
2023-11-01,11,739,9,0.012178619756427604,1150.4699993133545,99.36342354459595
2023-11-01,12,739,9,0.012178619756427604,1809.610007762909,101.812151565926
2023-11-01,13,739,8,0.010825439783491205,728.0699949264526,102.79736130195639
2023-11-01,14,739,3,0.0040595399188092015,328.03999519348145,103.24125845377435
2023-11-01,15,739,9,0.012178619756427604,875.6599941253662,104.42618402092641
2023-11-01,16,739,11,0.014884979702300407,504.22000074386597,105.10848442788698
2023-11-01,17,739,9,0.012178619756427604,1028.4999895095825,106.50023001585664
2023-11-01,18,739,8,0.010825439783491205,401.1600036621094,107.04307169875531
2023-11-01,19,739,8,0.010825439783491205,837.8899898529053,108.17688765254815
2023-11-01,20,739,15,0.02029769959404601,1821.219994544983,110.64132607547775
2023-11-01,21,739,9,0.012178619756427604,965.6099996566772,111.9479701886803
2023-11-01,22,739,15,0.02029769959404601,2787.4199981689453,115.71985110636493
2023-11-01,23,739,8,0.010825439783491205,940.9300012588501,116.99309874000343
2023-11-01,24,739,6,0.008119079837618403,1124.8199996948242,118.51518263674879
2023-11-01,25,739,11,0.014884979702300407,876.7100124359131,119.70152906764989
2023-11-01,26,739,5,0.006765899864682003,212.97000312805176,119.98971581071898
2023-11-01,27,739,8,0.010825439783491205,424.7199935913086,120.56443840015241
2023-11-01,28,739,11,0.014884979702300407,758.3700046539307,121.59064950252579
2023-11-01,29,739,10,0.013531799729364006,1175.0900058746338,123.18075776487306
2023-11-01,30,739,15,0.02029769959404601,1776.0500087738037,125.5840730676793
2023-11-01,31,739,6,0.008119079837618403,470.98000144958496,126.22139377329444
2023-11-01,32,739,10,0.013531799729364006,738.4299993515015,127.22062245983233
2023-11-01,33,739,8,0.010825439783491205,575.1600065231323,127.9989174618934
2023-12-01,0,750,750,1.0,65481.41010451317,87.30854680601756
2023-12-01,1,750,11,0.014666666666666666,875.2100028991699,88.47549347654979
2023-12-01,2,750,5,0.006666666666666667,217.3899974822998,88.76534680652618
2023-12-01,3,750,12,0.016,1234.6899976730347,90.4116001367569
2023-12-01,4,750,8,0.010666666666666666,764.3499965667725,91.43073346551259
2023-12-01,5,750,10,0.013333333333333334,1165.450008392334,92.9846668100357
2023-12-01,6,750,9,0.012,997.170000076294,94.31422681013743
2023-12-01,7,750,10,0.013333333333333334,2079.2299995422363,97.08653347619375
2023-12-01,8,750,9,0.012,849.8400020599365,98.21965347894033
2023-12-01,9,750,8,0.010666666666666666,1002.0000009536743,99.55565348021189
2023-12-01,10,750,11,0.014666666666666666,907.3700103759766,100.7654801607132
2023-12-01,11,750,8,0.010666666666666666,730.6100006103516,101.73962682819366
2023-12-01,12,750,11,0.014666666666666666,1402.2399921417236,103.60928015104929
2023-12-01,13,750,15,0.02,1113.5799922943115,105.09405347410838
2023-12-01,14,750,5,0.006666666666666667,659.5200042724609,105.97341347980499
2023-12-01,15,750,12,0.016,1264.2900037765503,107.6591334848404
2023-12-01,16,750,13,0.017333333333333333,888.1800136566162,108.84337350304922
2023-12-01,17,750,12,0.016,924.4899950027466,110.07602682971954
2023-12-01,18,750,9,0.012,732.3999929428101,111.05256015364328
2023-12-01,19,750,13,0.017333333333333333,932.5900039672852,112.29601349226634
2023-12-01,20,750,12,0.016,673.960000038147,113.19462682565053
2023-12-01,21,750,10,0.013333333333333334,672.129994392395,114.09080015150705
2023-12-01,22,750,15,0.02,1203.010004043579,115.69481349023184
2023-12-01,23,750,10,0.013333333333333334,604.7999973297119,116.50121348667145
2023-12-01,24,750,11,0.014666666666666666,952.6200046539307,117.77137349287669
2023-12-01,25,750,8,0.010666666666666666,550.6300020217896,118.50554682890574
2023-12-01,26,750,11,0.014666666666666666,609.9400024414062,119.31880016549428
2023-12-01,27,750,10,0.013333333333333334,904.1500029563904,120.52433350276947
2023-12-01,28,750,19,0.025333333333333333,2132.81001663208,123.36808019161225
2023-12-01,29,750,10,0.013333333333333334,1158.449993133545,124.91268018245697
2023-12-01,30,750,6,0.008,556.3900022506714,125.6545335187912
2023-12-01,31,750,6,0.008,358.2200012207031,126.13216018708547
2023-12-01,32,750,12,0.016,888.6599969863892,127.31704018306732
2024-01-01,0,821,821,1.0,70920.72011590004,86.38333753459202
2024-01-01,1,821,13,0.015834348355663823,1174.790023803711,87.81426326395098
2024-01-01,2,821,9,0.010962241169305725,615.9700012207031,88.56453123133308
2024-01-01,3,821,13,0.015834348355663823,937.6799945831299,89.70665059136125
2024-01-01,4,821,14,0.01705237515225335,1029.430004119873,90.96052392159251
2024-01-01,5,821,17,0.020706455542021926,1186.4099979400635,92.40560309082524
2024-01-01,6,821,11,0.013398294762484775,1189.6699991226196,93.85465302885522
2024-01-01,7,821,15,0.018270401948842874,1729.6799983978271,95.96144961642871
2024-01-01,8,821,17,0.020706455542021926,1093.2500019073486,97.29305741412341
2024-01-01,9,821,14,0.01705237515225335,862.8999996185303,98.34409273643587
2024-01-01,10,821,11,0.013398294762484775,621.339994430542,99.10090149944506
2024-01-01,11,821,17,0.020706455542021926,1660.0100016593933,101.12283816407282
2024-01-01,12,821,14,0.01705237515225335,1005.9800062179565,102.34814876847959
2024-01-01,13,821,7,0.008526187576126675,314.86999702453613,102.73166886229754
2024-01-01,14,821,11,0.013398294762484775,827.0100002288818,103.73898920362382
2024-01-01,15,821,10,0.012180267965895249,1027.310002565384,104.99028031515292
2024-01-01,16,821,10,0.012180267965895249,721.1499996185303,105.8686603390488
2024-01-01,17,821,17,0.020706455542021926,1817.6999988555908,108.08266764581566
2024-01-01,18,821,8,0.0097442143727162,844.8000025749207,109.11165668671082
2024-01-01,19,821,13,0.015834348355663823,1008.729998588562,110.3403168555154
2024-01-01,20,821,14,0.01705237515225335,1731.0000190734863,112.44872126364389
2024-01-01,21,821,17,0.020706455542021926,1484.6500101089478,114.2570647595135
2024-01-01,22,821,14,0.01705237515225335,1211.0499906539917,115.73215610013955
2024-01-01,23,821,11,0.013398294762484775,1334.5799980163574,117.35771029991587
2024-01-01,24,821,12,0.014616321559074299,1334.1200046539307,118.9827042154505
2024-01-01,25,821,12,0.014616321559074299,1041.670006275177,120.25148619629724
2024-01-01,26,821,10,0.012180267965895249,1846.5700044631958,122.50065794351185
2024-01-01,27,821,13,0.015834348355663823,1067.2800025939941,123.80063358613548
2024-01-01,28,821,17,0.020706455542021926,1860.140007019043,126.06633396009289
2024-01-01,29,821,13,0.015834348355663823,1137.3100051879883,127.45160802244123
2024-01-01,30,821,14,0.01705237515225335,881.5399904251099,128.52534735304428
2024-01-01,31,821,12,0.014616321559074299,1090.2200043201447,129.8532645324842
2024-02-01,0,783,783,1.0,70024.29010677338,89.43076641988937
2024-02-01,1,783,12,0.01532567049808429,675.6499996185303,90.29366552540473
2024-02-01,2,783,14,0.017879948914431672,1022.1799986362457,91.59913167947401
2024-02-01,3,783,11,0.0140485312899106,1226.6200065612793,93.16569618338369
2024-02-01,4,783,15,0.019157088122605363,1379.5200004577637,94.92753526442809
2024-02-01,5,783,11,0.0140485312899106,498.88000297546387,95.56467447640186
2024-02-01,6,783,11,0.0140485312899106,928.7300033569336,96.75079197749629
2024-02-01,7,783,13,0.016602809706257982,1114.789984703064,98.17453397583992
2024-02-01,8,783,14,0.017879948914431672,450.979998588562,98.75049821413948
2024-02-01,9,783,11,0.0140485312899106,1001.5100021362305,100.02956590524579
2024-02-01,10,783,10,0.01277139208173691,498.4599943161011,100.66616870769292
2024-02-01,11,783,13,0.016602809706257982,1459.1300010681152,102.52968084187953
2024-02-01,12,783,11,0.0140485312899106,765.7299947738647,103.50762464107986
2024-02-01,13,783,14,0.017879948914431672,1030.870005607605,104.82418914377156
2024-02-01,14,783,13,0.016602809706257982,1424.1299934387207,106.6430013959283
2024-02-01,15,783,15,0.019157088122605363,1314.5200004577637,108.3218264284414
2024-02-01,16,783,9,0.011494252873563218,820.8800048828125,109.37020446788306
2024-02-01,17,783,9,0.011494252873563218,319.1000003814697,109.77773958969847
2024-02-01,18,783,10,0.01277139208173691,497.04000091552734,110.41252886289838
2024-02-01,19,783,14,0.017879948914431672,1657.510009765625,112.52939988431041
2024-02-01,20,783,7,0.008939974457215836,572.8299980163574,113.26098353439517
2024-02-01,21,783,16,0.020434227330779056,1137.1500024795532,114.7132823881366
2024-02-01,22,783,10,0.01277139208173691,496.9100093841553,115.34790564405507
2024-02-01,23,783,14,0.017879948914431672,949.8999948501587,116.5610601713222
2024-02-01,24,783,11,0.0140485312899106,922.6899900436401,117.73946373459633
2024-02-01,25,783,16,0.020434227330779056,1809.2100095748901,120.0500767736447
2024-02-01,26,783,9,0.011494252873563218,933.4599905014038,121.2422351267755
2024-02-01,27,783,10,0.01277139208173691,806.3600063323975,122.27206910676578
2024-02-01,28,783,16,0.020434227330779056,997.7100095748901,123.54628367838123
2024-02-01,29,783,14,0.017879948914431672,1288.0699968338013,125.19132837420983
2024-02-01,30,783,11,0.0140485312899106,596.0400066375732,125.95255443632679
2024-03-01,0,854,854,1.0,69207.50014209747,81.03922733266683
2024-03-01,1,854,14,0.01639344262295082,1052.6800022125244,82.27187370528102
2024-03-01,2,854,12,0.01405152224824356,1315.899998664856,83.81274021425627
2024-03-01,3,854,13,0.01522248243559719,1055.950008392334,85.04921563391942
2024-03-01,4,854,12,0.01405152224824356,637.6000061035156,85.79581985652307
2024-03-01,5,854,11,0.01288056206088993,1150.7600021362305,87.14331400422357
2024-03-01,6,854,13,0.01522248243559719,2036.749976158142,89.52826713789821
2024-03-01,7,854,15,0.01756440281030445,2680.7900047302246,92.66736550409286
2024-03-01,8,854,13,0.01522248243559719,1628.7800016403198,94.57460203997145
2024-03-01,9,854,14,0.01639344262295082,1327.460009098053,96.12900486092936
2024-03-01,10,854,16,0.01873536299765808,1466.219994544983,97.84589010044338
2024-03-01,11,854,10,0.0117096018735363,703.0799980163574,98.66916878664522
2024-03-01,12,854,12,0.01405152224824356,606.3799982070923,99.37921562295328
2024-03-01,13,854,9,0.01053864168618267,718.6899938583374,100.22077299281082
2024-03-01,14,854,16,0.01873536299765808,2232.5300092697144,102.8349767507379
2024-03-01,15,854,15,0.01756440281030445,1197.270001411438,104.23693225590351
2024-03-01,16,854,16,0.01873536299765808,1511.5200026035309,106.00686200134089
2024-03-01,17,854,11,0.01288056206088993,862.430004119873,107.0167332005445
2024-03-01,18,854,16,0.01873536299765808,1405.0700044631958,108.66201423621568
2024-03-01,19,854,6,0.00702576112412178,461.2299995422363,109.20209620289278
2024-03-01,20,854,13,0.01522248243559719,1128.8700008392334,110.52395803057338
2024-03-01,21,854,14,0.01639344262295082,1272.4800024032593,112.01398145259125
2024-03-01,22,854,11,0.01288056206088993,1080.109990119934,113.27874724898462
2024-03-01,23,854,11,0.01288056206088993,552.7999992370605,113.92605403966033
2024-03-01,24,854,12,0.01405152224824356,1452.3600006103516,115.62670977807994
2024-03-01,25,854,23,0.026932084309133488,1405.6600131988525,117.27268169049077
2024-03-01,26,854,14,0.01639344262295082,2317.9500017166138,119.98690885877721
2024-03-01,27,854,14,0.01639344262295082,1275.2599983215332,121.48018754533638
2024-03-01,28,854,15,0.01756440281030445,1449.709997177124,123.17774023523934
2024-03-01,29,854,15,0.01756440281030445,1008.1800022125244,124.35827887951629
2024-04-01,0,807,807,1.0,70174.32008433342,86.95702612680721
2024-04-01,1,807,15,0.01858736059479554,1161.8199996948242,88.39670394551207
2024-04-01,2,807,10,0.012391573729863693,1337.3000032901764,90.0538291044838
2024-04-01,3,807,6,0.007434944237918215,601.6999971866608,90.79943009232352
2024-04-01,4,807,16,0.01982651796778191,1227.6099977493286,92.32063207218638
2024-04-01,5,807,15,0.01858736059479554,1618.8500065803528,94.32664199359945
2024-04-01,6,807,9,0.011152416356877323,503.14999771118164,94.95012402298134
2024-04-01,7,807,15,0.01858736059479554,1161.7900104522705,96.38976468029519
2024-04-01,8,807,11,0.013630731102850062,505.30000495910645,97.01591090701031
2024-04-01,9,807,14,0.01734820322180917,2809.790020942688,100.49768292800496
2024-04-01,10,807,15,0.01858736059479554,1426.6699962615967,102.26555157269097
2024-04-01,11,807,12,0.01486988847583643,798.5800018310547,103.25511786987938
2024-04-01,12,807,10,0.012391573729863693,801.6799917221069,104.24852554239749
2024-04-01,13,807,12,0.01486988847583643,1188.4600009918213,105.72121451512588
2024-04-01,14,807,22,0.027261462205700124,1791.5000095367432,107.94116496064849
2024-04-01,15,807,9,0.011152416356877323,416.89000415802,108.45775728302522
2024-04-01,16,807,16,0.01982651796778191,1085.5299940109253,109.8028997787017
2024-04-01,17,807,10,0.012391573729863693,827.8900051116943,110.82878578255759
2024-04-01,18,807,10,0.012391573729863693,814.6600050926208,111.83827773434523
2024-04-01,19,807,6,0.007434944237918215,405.25000286102295,112.3404462632932
2024-04-01,20,807,9,0.011152416356877323,580.8900003433228,113.06026039011269
2024-04-01,21,807,14,0.01734820322180917,1274.169997215271,114.63915753660001
2024-04-01,22,807,11,0.013630731102850062,968.6900072097778,115.83951690117223
2024-04-01,23,807,13,0.0161090458488228,706.8999938964844,116.71547724057308
2024-04-01,24,807,16,0.01982651796778191,896.3600001335144,117.82620834358858
2024-04-01,25,807,15,0.01858736059479554,1353.4599933624268,119.50335827340571
2024-04-01,26,807,14,0.01734820322180917,1570.4300022125244,121.44936818940637
2024-04-01,27,807,13,0.0161090458488228,1061.0000104904175,122.76411417514419
2024-04-01,28,807,16,0.01982651796778191,1569.4500036239624,124.7089097186683
2024-05-01,0,854,854,1.0,78706.24002146721,92.16187356143702
2024-05-01,1,854,9,0.01053864168618267,465.12000370025635,92.70651056811178
2024-05-01,2,854,16,0.01873536299765808,995.96999168396,93.87275177617263
2024-05-01,3,854,10,0.0117096018735363,900.8300075531006,94.92758785059078
2024-05-01,4,854,17,0.01990632318501171,1663.6100015640259,96.87560892970556
2024-05-01,5,854,11,0.01288056206088993,676.4599990844727,97.66771665697075
2024-05-01,6,854,13,0.01522248243559719,1663.220002669841,99.61528106290734
2024-05-01,7,854,16,0.01873536299765808,899.2799935340881,100.66830213261939
2024-05-01,8,854,20,0.0234192037470726,1896.3099994659424,102.88880564487458
2024-05-01,9,854,14,0.01639344262295082,917.0799942016602,103.96266980670323
2024-05-01,10,854,18,0.02107728337236534,1501.140009880066,105.72044499391642
2024-05-01,11,854,12,0.01405152224824356,914.1099987030029,106.79083140925951
2024-05-01,12,854,11,0.01288056206088993,1326.8100128173828,108.34447311045083
2024-05-01,13,854,5,0.00585480093676815,689.3900165557861,109.15172137339671
2024-05-01,14,854,12,0.01405152224824356,710.209997177124,109.98334900475166
2024-05-01,15,854,14,0.01639344262295082,2085.140007019043,112.42496493802923
2024-05-01,16,854,10,0.0117096018735363,672.7800025939941,113.21276353591446
2024-05-01,17,854,14,0.01639344262295082,1543.909990310669,115.02062066742579
2024-05-01,18,854,12,0.01405152224824356,1237.1199970245361,116.46923893092057
2024-05-01,19,854,10,0.0117096018735363,593.3000059127808,117.1639696170011
2024-05-01,20,854,17,0.01990632318501171,819.1000056266785,118.12310311305107
2024-05-01,21,854,8,0.00936768149882904,424.9000024795532,118.62064409956109
2024-05-01,22,854,18,0.02107728337236534,1423.5400075912476,120.28755277355553
2024-05-01,23,854,12,0.01405152224824356,988.2600059509277,121.44476589527792
2024-05-01,24,854,8,0.00936768149882904,689.7300033569336,122.25241226923218
2024-05-01,25,854,22,0.02576112412177986,1274.0499992370605,123.7442740950367
2024-05-01,26,854,13,0.01522248243559719,1032.7499990463257,124.95358322740945
2024-05-01,27,854,10,0.0117096018735363,1109.4700031280518,126.2527284301355
2024-06-01,0,851,851,1.0,72165.57006788254,84.80090489762931
2024-06-01,1,851,19,0.022326674500587545,1992.140007019043,87.14184497638259
2024-06-01,2,851,13,0.01527614571092832,1006.2599925994873,88.32428915100007
2024-06-01,3,851,12,0.01410105757931845,1596.0099964141846,90.1997415557171
2024-06-01,4,851,14,0.01645123384253819,1253.6300029754639,91.67286729364362
2024-06-01,5,851,17,0.0199764982373678,1820.5599966049194,93.81218573853776
2024-06-01,6,851,17,0.0199764982373678,1514.6100063323975,95.59198598099651
2024-06-01,7,851,13,0.01527614571092832,2093.32000541687,98.05182147502339
2024-06-01,8,851,11,0.012925969447708578,432.7400016784668,98.56032911506858
2024-06-01,9,851,20,0.023501762632197415,1866.760015487671,100.75393665383201
2024-06-01,10,851,23,0.02702702702702703,1749.9000043869019,102.81022338049112
2024-06-01,11,851,16,0.01880141010575793,1714.3999977111816,104.82479447063352
2024-06-01,12,851,10,0.011750881316098707,693.079999923706,105.63922455280003
2024-06-01,13,851,15,0.01762632197414806,1090.0099964141846,106.92008236292246
2024-06-01,14,851,16,0.01880141010575793,1415.3600063323975,108.58325510831894
2024-06-01,15,851,19,0.022326674500587545,1307.919994354248,110.12017637077986
2024-06-01,16,851,11,0.012925969447708578,1406.5799975395203,111.77303183204839
2024-06-01,17,851,15,0.01762632197414806,1912.4199876785278,114.02029386222293
2024-06-01,18,851,20,0.023501762632197415,1319.2499952316284,115.570528874246
2024-06-01,19,851,14,0.01645123384253819,877.8800001144409,116.60211524335814
2024-06-01,20,851,12,0.01410105757931845,815.8800010681152,117.56084614943113
2024-06-01,21,851,13,0.01527614571092832,847.2699975967407,118.55646306787618
2024-06-01,22,851,21,0.024676850763807285,2074.230004310608,120.99386612817067
2024-06-01,23,851,15,0.01762632197414806,802.3200016021729,121.9366628398066
2024-06-01,24,851,18,0.021151586368977675,2423.2900104522705,124.78424217053782
2024-06-01,25,851,14,0.01645123384253819,562.8500070571899,125.44564053370726
2024-06-01,26,851,15,0.01762632197414806,1234.2200031280518,126.89595781117853
2024-07-01,0,884,884,1.0,80541.72008371353,91.11054308112391
2024-07-01,1,884,22,0.024886877828054297,1671.819993019104,93.00174216824959
2024-07-01,2,884,18,0.020361990950226245,951.0700025558472,94.0776132118648
2024-07-01,3,884,15,0.016968325791855202,967.3600034713745,95.17191185832563
2024-07-01,4,884,13,0.014705882352941176,965.5299968719482,96.26414036157443
2024-07-01,5,884,13,0.014705882352941176,1510.7200002670288,97.9730996378946
2024-07-01,6,884,15,0.016968325791855202,1274.3599910736084,99.41468333820411
2024-07-01,7,884,10,0.011312217194570135,1091.4699935913086,100.64937790109022
2024-07-01,8,884,6,0.006787330316742082,1535.6699924468994,102.38656115046453
2024-07-01,9,884,9,0.010180995475113122,607.6700038909912,103.07397065712856
2024-07-01,10,884,18,0.020361990950226245,913.1900053024292,104.10699102511772
2024-07-01,11,884,8,0.00904977375565611,528.1499977111816,104.70444577365978
2024-07-01,12,884,12,0.013574660633484163,797.7899971008301,105.6069231459458
2024-07-01,13,884,21,0.023755656108597284,1480.60999584198,107.2818213312874
2024-07-01,14,884,17,0.019230769230769232,1944.5700054168701,109.4815611564196
2024-07-01,15,884,18,0.020361990950226245,1401.35000705719,111.06679872096394
2024-07-01,16,884,13,0.014705882352941176,753.3200035095215,111.91897067063535
2024-07-01,17,884,19,0.021493212669683258,2057.5700092315674,114.24653855438146
2024-07-01,18,884,17,0.019230769230769232,1391.7499961853027,115.82091637812049
2024-07-01,19,884,9,0.010180995475113122,806.4000091552734,116.73313358304728
2024-07-01,20,884,14,0.01583710407239819,1274.0000038146973,118.17431005795078
2024-07-01,21,884,15,0.016968325791855202,923.6199979782104,119.21912906018856
2024-07-01,22,884,13,0.014705882352941176,1964.190001487732,121.4410634510118
2024-07-01,23,884,17,0.019230769230769232,1686.3300018310547,123.34867657525507
2024-07-01,24,884,16,0.01809954751131222,1552.140007019043,125.10449106283318
2024-07-01,25,884,9,0.010180995475113122,1265.5100078582764,126.53606346991268
2024-08-01,0,926,926,1.0,81461.81006765366,87.97171713569509
2024-08-01,1,926,26,0.028077753779697623,3018.8700065612793,91.23183593327747
2024-08-01,2,926,19,0.020518358531317494,1550.4200010299683,92.90615558881738
2024-08-01,3,926,14,0.01511879049676026,1499.4000024795532,94.52537805369812
2024-08-01,4,926,14,0.01511879049676026,859.3700017929077,95.45342341200579
2024-08-01,5,926,12,0.012958963282937365,1081.1000032424927,96.62091801593937
2024-08-01,6,926,14,0.01511879049676026,1550.8299961090088,98.29568043074391
2024-08-01,7,926,12,0.012958963282937365,738.4000010676682,99.09308863924032
2024-08-01,8,926,16,0.017278617710583154,966.9799966812134,100.13734349526754
2024-08-01,9,926,12,0.012958963282937365,938.6699905395508,101.15102599045065
2024-08-01,10,926,14,0.01511879049676026,807.9400043487549,102.02353139471496
2024-08-01,11,926,18,0.019438444924406047,1242.1999979019165,103.36500007495461
2024-08-01,12,926,12,0.012958963282937365,890.5200080871582,104.32668474891483
2024-08-01,13,926,21,0.02267818574514039,1818.2800016403198,106.29027006386117
2024-08-01,14,926,11,0.011879049676025918,914.8200054168701,107.27819663558566
2024-08-01,15,926,12,0.012958963282937365,1096.2499952316284,108.4620519220129
2024-08-01,16,926,20,0.02159827213822894,2439.8599920272827,111.09688992636202
2024-08-01,17,926,15,0.016198704103671708,1741.590009689331,112.97765667548657
2024-08-01,18,926,11,0.011879049676025918,731.6599969863892,113.76778626186496
2024-08-01,19,926,17,0.0183585313174946,893.0199975967407,114.7321707085137
2024-08-01,20,926,18,0.019438444924406047,1451.920000076294,116.30011887274296
2024-08-01,21,926,18,0.019438444924406047,2219.6400060653687,118.69713831773797
2024-08-01,22,926,11,0.011879049676025918,1041.9600009918213,119.82236510066649
2024-08-01,23,926,15,0.016198704103671708,1177.9899921417236,121.09449252198586
2024-08-01,24,926,14,0.01511879049676026,960.6800012588501,122.13194392723298
2024-09-01,0,964,964,1.0,89386.16003870964,92.72423240530046
2024-09-01,1,964,12,0.012448132780082987,1046.4500017166138,93.80976145272433
2024-09-01,2,964,12,0.012448132780082987,546.420000076294,94.37658717894455
2024-09-01,3,964,15,0.015560165975103735,1217.8500003814697,95.63991705485894
2024-09-01,4,964,12,0.012448132780082987,1519.1599979400635,97.21580916890466
2024-09-01,5,964,12,0.012448132780082987,1079.0700178146362,98.33517640730157
2024-09-01,6,964,16,0.016597510373443983,1589.0200090408325,99.98353741253065
2024-09-01,7,964,24,0.024896265560165973,2134.9799933433533,102.19824694919389
2024-09-01,8,964,18,0.01867219917012448,1933.0400037765503,104.2034751688791
2024-09-01,9,964,18,0.01867219917012448,1602.5499997138977,105.86587143414248
2024-09-01,10,964,14,0.014522821576763486,896.8400058746338,106.79620339044396
2024-09-01,11,964,20,0.02074688796680498,1690.7800073623657,108.550124559907
2024-09-01,12,964,30,0.03112033195020747,2938.1599893569946,111.59800836629393
2024-09-01,13,964,12,0.012448132780082987,1295.2399997711182,112.94161832456273
2024-09-01,14,964,18,0.01867219917012448,1207.1300048828125,114.19382787319634
2024-09-01,15,964,16,0.016597510373443983,1338.9800119400024,115.58281128807187
2024-09-01,16,964,22,0.022821576763485476,2381.070004463196,118.05280091925775
2024-09-01,17,964,19,0.01970954356846473,2616.6300106048584,120.7671474032877
2024-09-01,18,964,17,0.017634854771784232,1133.6799945831299,121.9431639951789
2024-09-01,19,964,17,0.017634854771784232,1292.920009613037,123.284367324653
2024-09-01,20,964,12,0.012448132780082987,718.2199945449829,124.02940881277021
2024-09-01,21,964,20,0.02074688796680498,2331.370012283325,126.44784243547076
2024-09-01,22,964,17,0.017634854771784232,1190.6100015640259,127.68291505120108
2024-09-01,23,964,12,0.012448132780082987,1100.669991493225,128.82468890129778
2024-10-01,0,1012,1012,1.0,81532.9400999546,80.56614634382866
2024-10-01,1,1012,14,0.01383399209486166,1346.6200046539307,81.89679852234045
2024-10-01,2,1012,22,0.021739130434782608,1441.520004272461,83.3212254040326
2024-10-01,3,1012,18,0.017786561264822136,1113.3199996948242,84.42134398080614
2024-10-01,4,1012,21,0.020750988142292492,1376.6100025177002,85.78163054455881
2024-10-01,5,1012,24,0.023715415019762844,1639.8200101852417,87.40200604869443
2024-10-01,6,1012,23,0.022727272727272728,1702.569994688034,89.08438746637036
2024-10-01,7,1012,16,0.015810276679841896,1431.6599960327148,90.49907125691651
2024-10-01,8,1012,14,0.01383399209486166,1102.6800043582916,91.58867600430612
2024-10-01,9,1012,16,0.015810276679841896,1183.1700115203857,92.75781633189544
2024-10-01,10,1012,24,0.023715415019762844,1524.8200056552887,94.26455546791846
2024-10-01,11,1012,14,0.01383399209486166,1056.0399961471558,95.30807325067256
2024-10-01,12,1012,13,0.012845849802371542,829.2200012207031,96.12746060365745
2024-10-01,13,1012,15,0.014822134387351778,1154.4200022220612,97.26819183114961
2024-10-01,14,1012,15,0.014822134387351778,1071.760009765625,98.32724322419864
2024-10-01,15,1012,18,0.017786561264822136,1885.8899977207184,100.19077088993058
2024-10-01,16,1012,13,0.012845849802371542,1092.7399978637695,101.27055349651533
2024-10-01,17,1012,18,0.017786561264822136,1069.0999975204468,102.32697641896637
2024-10-01,18,1012,25,0.024703557312252964,1899.6300106048584,104.20408117252848
2024-10-01,19,1012,17,0.016798418972332016,2248.39999294281,106.42582029598975
2024-10-01,20,1012,12,0.011857707509881422,1292.3200006484985,107.70281634406139
2024-10-01,21,1012,24,0.023715415019762844,1456.170002937317,109.14171950901921
2024-10-01,22,1012,19,0.018774703557312252,1691.8200016021729,110.81347840388302
2024-11-01,0,977,977,1.0,82919.22000026703,84.87125895626103
2024-11-01,1,977,22,0.022517911975435005,2054.9400000572205,86.97457523062872
2024-11-01,2,977,16,0.016376663254861822,944.3100032806396,87.94111566387399
2024-11-01,3,977,16,0.016376663254861822,1425.3999972343445,89.40007164876073
2024-11-01,4,977,19,0.019447287615148412,2311.090005874634,91.76556807237857
2024-11-01,5,977,21,0.021494370522006142,1893.2700066566467,93.70340840672519
2024-11-01,6,977,16,0.016376663254861822,1594.539999961853,95.33548619583661
2024-11-01,7,977,13,0.01330603889457523,380.9900050163269,95.72544525931289
2024-11-01,8,977,9,0.009211873080859774,412.07000160217285,96.14721598766721
2024-11-01,9,977,19,0.019447287615148412,2245.6499996185303,98.44573185216929
2024-11-01,10,977,20,0.02047082906857728,2126.8400020599365,100.62264075908837
2024-11-01,11,977,21,0.021494370522006142,2188.430009841919,102.86258959208931
2024-11-01,12,977,15,0.015353121801432957,1803.1999988555908,104.70823953974089
2024-11-01,13,977,16,0.016376663254861822,1472.2400016784668,106.21513821085497
2024-11-01,14,977,19,0.019447287615148412,2114.1699934005737,108.37907883869589
2024-11-01,15,977,10,0.01023541453428864,399.64000129699707,108.78812694647173
2024-11-01,16,977,22,0.022517911975435005,1958.8400077819824,110.79308089507151
2024-11-01,17,977,17,0.017400204708290685,1350.6499977111816,112.1755271568025
2024-11-01,18,977,22,0.022517911975435005,1864.720012664795,114.08414538880332
2024-11-01,19,977,18,0.01842374616171955,2912.3500204086304,117.06505636158595
2024-11-01,20,977,19,0.019447287615148412,1637.9900178909302,118.7416070452
2024-11-01,21,977,16,0.016376663254861822,2046.3400039672852,120.8361208670703
2024-12-01,0,992,992,1.0,84005.17009425163,84.68263114339882
2024-12-01,1,992,22,0.02217741935483871,2330.309998512268,87.03173396447974
2024-12-01,2,992,17,0.017137096774193547,1259.2200021743774,88.30110896667165
2024-12-01,3,992,14,0.014112903225806451,1163.390007019043,89.47388115116665
2024-12-01,4,992,25,0.025201612903225805,2258.7499923706055,91.75084686928219
2024-12-01,5,992,17,0.017137096774193547,1081.1999969482422,92.84076622104452
2024-12-01,6,992,16,0.016129032258064516,1151.3100061416626,94.00136098530024
2024-12-01,7,992,20,0.020161290322580645,1523.8899993896484,95.53754042016882
2024-12-01,8,992,22,0.02217741935483871,1864.150016784668,97.41672390483079
2024-12-01,9,992,20,0.020161290322580645,1076.129995584488,98.5015323681216
2024-12-01,10,992,13,0.01310483870967742,1684.1899909973145,100.19930453646568
2024-12-01,11,992,14,0.014112903225806451,2026.1600017547607,102.24180453823459
2024-12-01,12,992,18,0.018145161290322582,1374.3199968338013,103.6272077608493
2024-12-01,13,992,18,0.018145161290322582,1338.2999992370605,104.9763005020157
2024-12-01,14,992,14,0.014112903225806451,1008.2100057601929,105.9926412336288
2024-12-01,15,992,19,0.019153225806451613,2140.7999992370605,108.15070574898874
2024-12-01,16,992,16,0.016129032258064516,1048.1200127601624,109.20727834249696
2024-12-01,17,992,15,0.015120967741935484,1424.7699947357178,110.64353841783539
2024-12-01,18,992,14,0.014112903225806451,675.6299991607666,111.32461704602164
2024-12-01,19,992,16,0.016129032258064516,778.1000003814697,112.10899204640619
2024-12-01,20,992,18,0.018145161290322582,1648.300009727478,113.7705847981476
2025-01-01,0,1072,1072,1.0,96528.76014018059,90.04548520539234
2025-01-01,1,1072,22,0.020522388059701493,2026.1300086975098,91.93553185529673
2025-01-01,2,1072,24,0.022388059701492536,2000.9800033569336,93.80211767932373
2025-01-01,3,1072,20,0.018656716417910446,1890.5499954223633,95.56569043624756
2025-01-01,4,1072,20,0.018656716417910446,1859.079999923706,97.29990685408684
2025-01-01,5,1072,21,0.01958955223880597,1872.229994058609,99.04639005749974
2025-01-01,6,1072,16,0.014925373134328358,2398.6800112724304,101.28396469488072
2025-01-01,7,1072,16,0.014925373134328358,1076.7899980545044,102.28843297664798
2025-01-01,8,1072,23,0.021455223880597014,2527.689992904663,104.64635274614861
2025-01-01,9,1072,26,0.024253731343283583,1976.9899969100952,106.49055983281848
2025-01-01,10,1072,24,0.022388059701492536,2066.8999836444855,108.41863817577041
2025-01-01,11,1072,25,0.02332089552238806,1836.619998216629,110.13190309947996
2025-01-01,12,1072,25,0.02332089552238806,1470.419995546341,111.50356354308663
2025-01-01,13,1072,16,0.014925373134328358,1961.7499980926514,113.33355421294917
2025-01-01,14,1072,29,0.027052238805970148,2317.8099904060364,115.49569039802942
2025-01-01,15,1072,22,0.020522388059701493,1802.7000007629395,117.17731353306948
2025-01-01,16,1072,22,0.020522388059701493,2422.0100059509277,119.43665122518789
2025-01-01,17,1072,17,0.01585820895522388,1800.3599891662598,121.11609151358925
2025-01-01,18,1072,21,0.01958955223880597,2801.250005722046,123.72919786221055
2025-01-01,19,1072,25,0.02332089552238806,2504.6200132369995,126.06559712828985
2025-02-01,0,998,998,1.0,84352.69007945061,84.5217335465437
2025-02-01,1,998,17,0.017034068136272545,1063.7799997329712,85.58764536992342
2025-02-01,2,998,23,0.023046092184368736,1728.0100002288818,87.31911831604455
2025-02-01,3,998,14,0.014028056112224449,801.2199964523315,88.12194396379238
2025-02-01,4,998,19,0.01903807615230461,1197.2099990844727,89.32155318131188
2025-02-01,5,998,19,0.01903807615230461,2153.8599920272827,91.4797295260286
2025-02-01,6,998,25,0.025050100200400802,2052.760000228882,93.53660327375293
2025-02-01,7,998,19,0.01903807615230461,1501.400011062622,95.04101210247299
2025-02-01,8,998,19,0.01903807615230461,1278.500002861023,96.32207422958825
2025-02-01,9,998,26,0.026052104208416832,2009.5999994277954,98.33570148352392
2025-02-01,10,998,21,0.021042084168336674,1665.1800022125244,100.00421851980902
2025-02-01,11,998,22,0.022044088176352707,2532.720004081726,102.54201411508129
2025-02-01,12,998,17,0.017034068136272545,1394.6100034713745,103.93941892817885
2025-02-01,13,998,14,0.014028056112224449,1291.6000232696533,105.23360732824864
2025-02-01,14,998,23,0.023046092184368736,1989.850001335144,107.22744500493717
2025-02-01,15,998,26,0.026052104208416832,1736.4700117111206,108.96739491647135
2025-02-01,16,998,21,0.021042084168336674,2548.4799909591675,111.5209820817611
2025-02-01,17,998,19,0.01903807615230461,1387.46999168396,112.9112325744304
2025-02-01,18,998,17,0.017034068136272545,2651.180006980896,115.56772556739723
2025-03-01,0,1115,1115,1.0,97704.3201379776,87.62719294885883
2025-03-01,1,1115,21,0.01883408071748879,2908.85001373291,90.23602704189284
2025-03-01,2,1115,27,0.0242152466367713,2884.8600091934204,92.82334543578828
2025-03-01,3,1115,25,0.02242152466367713,3419.989999771118,95.89060104096417
2025-03-01,4,1115,29,0.02600896860986547,2478.379994392395,98.11336336777349
2025-03-01,5,1115,28,0.025112107623318385,1917.3400011062622,99.83295081271184
2025-03-01,6,1115,19,0.017040358744394617,1155.3600034713745,100.86914812524222
2025-03-01,7,1115,15,0.013452914798206279,1746.9700117111206,102.43593737341364
2025-03-01,8,1115,22,0.019730941704035873,1484.1399974822998,103.76700463572959
2025-03-01,9,1115,27,0.0242152466367713,1950.5900077819824,105.51641271445783
2025-03-01,10,1115,25,0.02242152466367713,2054.879997253418,107.3593544160304
2025-03-01,11,1115,24,0.021524663677130046,1724.7600002288818,108.90622437139263
2025-03-01,12,1115,20,0.017937219730941704,1859.250002861023,110.57371316319625
2025-03-01,13,1115,24,0.021524663677130046,2118.2300062179565,112.47347101630652
2025-03-01,14,1115,23,0.02062780269058296,1613.040006160736,113.92014366757175
2025-03-01,15,1115,32,0.028699551569506727,1716.9799966812134,115.46003604127687
2025-03-01,16,1115,43,0.03856502242152467,2930.060010910034,118.0878925533038
2025-03-01,17,1115,22,0.019730941704035873,2268.6900177001953,120.12259212074792
2025-04-01,0,1110,1110,1.0,99370.19006490707,89.52269375216854
2025-04-01,1,1110,35,0.03153153153153153,3639.4799976348877,92.80150456084861
2025-04-01,2,1110,21,0.01891891891891892,1021.730001449585,93.72198203963202
2025-04-01,3,1110,17,0.015315315315315315,931.7800035476685,94.56142348426957
2025-04-01,4,1110,25,0.02252252252252252,1867.4800004959106,96.24383789913074
2025-04-01,5,1110,18,0.016216216216216217,1439.520001411438,97.54070276526717
2025-04-01,6,1110,17,0.015315315315315315,1252.6400051116943,98.6692072743768
2025-04-01,7,1110,24,0.021621621621621623,1627.3900089263916,100.13532439953572
2025-04-01,8,1110,30,0.02702702702702703,1889.0700054168701,101.83718926928064
2025-04-01,9,1110,25,0.02252252252252252,3266.2700176239014,104.77977487074362
2025-04-01,10,1110,21,0.01891891891891892,2247.5400218963623,106.80458570128089
2025-04-01,11,1110,14,0.012612612612612612,1109.5800018310547,107.80420732455211
2025-04-01,12,1110,23,0.02072072072072072,1447.4799973964691,109.10824335824262
2025-04-01,13,1110,27,0.024324324324324326,1970.2000064849854,110.8831983190399
2025-04-01,14,1110,20,0.018018018018018018,1793.120003938675,112.49862174601168
2025-04-01,15,1110,34,0.03063063063063063,2854.5699887275696,115.07030642054103
2025-04-01,16,1110,30,0.02702702702702703,2596.130012989044,117.40916228809873
2025-05-01,0,1231,1231,1.0,107595.25017046928,87.40475237243646
2025-05-01,1,1231,20,0.016246953696181964,2409.699993133545,89.362266582943
2025-05-01,2,1231,26,0.021121039805036556,3086.4800205230713,91.86956148182445
2025-05-01,3,1231,25,0.020308692120227456,2395.8900146484375,93.81585718828134
2025-05-01,4,1231,23,0.01868399675060926,2603.049998998642,95.93043882841022
2025-05-01,5,1231,32,0.025995125913891144,2942.089991569519,98.32043882156174
2025-05-01,6,1231,24,0.01949634443541836,1784.8299951553345,99.770341335904
2025-05-01,7,1231,25,0.020308692120227456,2187.330011367798,101.5472138065521
2025-05-01,8,1231,26,0.021121039805036556,2134.080003261566,103.28082875639902
2025-05-01,9,1231,29,0.023558082859463852,2320.659996032715,105.16601153140529
2025-05-01,10,1231,30,0.024370430544272948,3167.3999996185303,107.73904158795975
2025-05-01,11,1231,23,0.01868399675060926,1439.2100038528442,108.90818050254369
2025-05-01,12,1231,38,0.030869212022745736,2663.1699895858765,111.07160047783685
2025-05-01,13,1231,28,0.022745735174654752,1892.620005607605,112.60906595761557
2025-05-01,14,1231,24,0.01949634443541836,1922.9200057983398,114.17114557239896
2025-05-01,15,1231,33,0.026807473598700244,3320.449996471405,116.86850543955687
2025-06-01,0,1183,1183,1.0,96553.91004061699,81.61784449756297
2025-06-01,1,1183,25,0.021132713440405747,2188.279999732971,83.46761626403209
2025-06-01,2,1183,39,0.03296703296703297,2535.900008916855,85.61123419211057
2025-06-01,3,1183,36,0.030431107354184278,3369.730007171631,88.45969573663436
2025-06-01,4,1183,36,0.030431107354184278,3440.7999897003174,91.36823334415787
2025-06-01,5,1183,23,0.01944209636517329,1619.9799966812134,92.73761626612001
2025-06-01,6,1183,26,0.02197802197802198,1553.9599995613098,94.0511919208633
2025-06-01,7,1183,19,0.016060862214708368,2393.5599937438965,96.07448861887167
2025-06-01,8,1183,24,0.02028740490278952,1913.6199979782104,97.6920879409158
2025-06-01,9,1183,28,0.023668639053254437,1860.4800007343292,99.26476756960078
2025-06-01,10,1183,29,0.024513947590870666,3091.9200081825256,101.87839395014392
2025-06-01,11,1183,37,0.03127641589180051,3545.3700094223022,104.87532548811711
2025-06-01,12,1183,28,0.023668639053254437,2273.8699989318848,106.79744721164364
2025-06-01,13,1183,32,0.027049873203719356,2893.249984741211,109.24313612520342
2025-06-01,14,1183,30,0.0253592561284869,2014.5800037384033,110.94607780207443
2025-07-01,0,1253,1253,1.0,108999.64999055862,86.9909417322894
2025-07-01,1,1253,41,0.03272146847565842,3835.8200120925903,90.05225060067934
2025-07-01,2,1253,34,0.02713487629688747,2804.0099906921387,92.2900877839931
2025-07-01,3,1253,22,0.017557861133280128,2098.589994430542,93.96494013389776
2025-07-01,4,1253,28,0.0223463687150838,2430.9200019836426,95.90501994394057
2025-07-01,5,1253,33,0.026336791699920193,2558.840005159378,97.94719073816195
2025-07-01,6,1253,35,0.027932960893854747,3995.010015487671,101.13554669625266
2025-07-01,7,1253,24,0.019154030327214685,2343.2699995040894,103.0056743893924
2025-07-01,8,1253,36,0.028731045490822026,2744.2100038528442,105.19578612431087
2025-07-01,9,1253,23,0.018355945730247406,2296.3699884414673,107.02848364102394
2025-07-01,10,1253,28,0.0223463687150838,2414.020016670227,108.95507583309913
2025-07-01,11,1253,31,0.024740622505985636,3330.9600191116333,111.61346371746596
2025-07-01,12,1253,39,0.03112529928172386,2551.100017786026,113.64945734698394
2025-07-01,13,1253,36,0.028731045490822026,3162.2799892425537,116.17322429769627
2025-08-01,0,1333,1333,1.0,122061.85004782677,91.56927985583404
2025-08-01,1,1333,38,0.028507126781695424,4589.809998512268,95.0124981592941
2025-08-01,2,1333,30,0.02250562640660165,2748.409996032715,97.07432111205682
2025-08-01,3,1333,42,0.03150787696924231,3935.220032930374,100.02647417502035
2025-08-01,4,1333,35,0.02625656414103526,3297.1000022888184,102.4999175375776
2025-08-01,5,1333,43,0.03225806451612903,3702.670016527176,105.27761447420714
2025-08-01,6,1333,22,0.016504126031507877,1645.880000114441,106.51233315396291
2025-08-01,7,1333,29,0.02175543885971493,2424.349997520447,108.3310503313976
2025-08-01,8,1333,33,0.024756189047261814,2979.9400091171265,110.56656421670678
2025-08-01,9,1333,30,0.02250562640660165,2736.2100229263306,112.61923490157274
2025-08-01,10,1333,26,0.019504876219054765,2291.969997406006,114.33864225146472
2025-08-01,11,1333,30,0.02250562640660165,1571.4000027179718,115.5174869646815
2025-08-01,12,1333,31,0.023255813953488372,2261.080013513565,117.21372103333384
2025-09-01,0,1268,1268,1.0,107380.53001904488,84.68496058284296
2025-09-01,1,1268,41,0.032334384858044164,2640.659999847412,86.76750001489928
2025-09-01,2,1268,35,0.027602523659305992,3981.0000038146973,89.90708992327049
2025-09-01,3,1268,49,0.038643533123028394,4302.3699951171875,93.30012619702222
2025-09-01,4,1268,43,0.03391167192429022,3973.850016593933,96.43407731420986
2025-09-01,5,1268,34,0.026813880126182965,2817.010012626648,98.65569404341069
2025-09-01,6,1268,38,0.02996845425867508,3486.940009355545,101.40564673217689
2025-09-01,7,1268,31,0.02444794952681388,2870.1799936294556,103.66919562305186
2025-09-01,8,1268,31,0.02444794952681388,2676.8599967956543,105.78028394860048
2025-09-01,9,1268,39,0.030757097791798107,4158.38000535965,109.05976344809547
2025-09-01,10,1268,37,0.02917981072555205,3203.459990978241,111.58615145359882
2025-09-01,11,1268,37,0.02917981072555205,3763.150006055832,114.55393537004663
2025-10-01,0,1436,1436,1.0,120586.7201693058,83.97403911511546
2025-10-01,1,1436,39,0.027158774373259052,2795.8000059127808,85.92097505238063
2025-10-01,2,1436,47,0.032729805013927575,4559.409992218018,89.09605164863272
2025-10-01,3,1436,33,0.02298050139275766,2740.7000007629395,91.00461710877406
2025-10-01,4,1436,33,0.02298050139275766,2071.1400060653687,92.44691516313712
2025-10-01,5,1436,51,0.035515320334261836,3668.310021877289,95.00144860455585
2025-10-01,6,1436,34,0.023676880222841225,2376.2100076675415,96.65619094972823
2025-10-01,7,1436,39,0.027158774373259052,4125.600008964539,99.5291714573637
2025-10-01,8,1436,39,0.027158774373259052,3885.6100149154663,102.23502801371151
2025-10-01,9,1436,34,0.023676880222841225,3070.5499982833862,104.3732940292292
2025-10-01,10,1436,38,0.026462395543175487,3363.859990119934,106.71581491371383
2025-11-01,0,1404,1404,1.0,122795.45020842552,87.46114687209796
2025-11-01,1,1404,40,0.02849002849002849,3778.7600038051605,90.15257137623269
2025-11-01,2,1404,46,0.03276353276353276,4120.489995479584,93.08739331033495
2025-11-01,3,1404,36,0.02564102564102564,3767.4499826431274,95.77076224384145
2025-11-01,4,1404,49,0.0349002849002849,5120.620014190674,99.417927496114
2025-11-01,5,1404,32,0.022792022792022793,1966.6900148391724,100.81870385995957
2025-11-01,6,1404,50,0.03561253561253561,4349.7200050354,103.9167950316372
2025-11-01,7,1404,42,0.029914529914529916,3479.0900230407715,106.39477937853235
2025-11-01,8,1404,50,0.03561253561253561,3917.159998893738,109.1847793777444
2025-11-01,9,1404,36,0.02564102564102564,3152.5200119018555,111.43016400160613
2025-12-01,0,1428,1428,1.0,129457.92007803917,90.65680677733836
2025-12-01,1,1428,46,0.03221288515406162,3468.109998703003,93.08545523581384
2025-12-01,2,1428,40,0.028011204481792718,2916.820004463196,95.1280462753539
2025-12-01,3,1428,37,0.025910364145658265,5111.740014076233,98.70769614515518
2025-12-01,4,1428,29,0.02030812324929972,2391.580008506775,100.38247206147645
2025-12-01,5,1428,50,0.0350140056022409,3919.000022172928,103.12686983610736
2025-12-01,6,1428,37,0.025910364145658265,3115.430006980896,105.30854351046372
2025-12-01,7,1428,50,0.0350140056022409,4433.430008888245,108.41318637383084
2025-12-01,8,1428,48,0.03361344537815126,3344.2000184059143,110.75506313742042
2026-01-01,0,1522,1522,1.0,133252.2301387787,87.55074253533422
2026-01-01,1,1522,48,0.03153745072273324,4170.320004463196,90.29076881947562
2026-01-01,2,1522,56,0.03679369250985545,4492.469997644424,93.24245738560204
2026-01-01,3,1522,64,0.04204993429697766,5928.880001068115,97.13791073715797
2026-01-01,4,1522,64,0.04204993429697766,5762.47000169754,100.92402768965306
2026-01-01,5,1522,52,0.03416557161629435,4383.4199686050415,103.80406709083903
2026-01-01,6,1522,58,0.03810775295663601,4345.980023384094,106.65950731645276
2026-01-01,7,1522,61,0.04007884362680683,5456.180016040802,110.24438249124961
2026-02-01,0,1410,1410,1.0,123109.54012048244,87.31173058190244
2026-02-01,1,1410,58,0.04113475177304964,5565.280015468597,91.25873768507167
2026-02-01,2,1410,53,0.0375886524822695,5175.879996299744,94.92957456187999
2026-02-01,3,1410,66,0.04680851063829787,4810.430002212524,98.34122704571865
2026-02-01,4,1410,66,0.04680851063829787,6429.620003223419,102.90124123240193
2026-02-01,5,1410,67,0.0475177304964539,7395.869981765747,108.14653909181027
2026-02-01,6,1410,62,0.04397163120567376,5424.849974632263,111.99395042133669
2026-03-01,0,1706,1706,1.0,146196.280169487,85.69535766089507
2026-03-01,1,1706,74,0.04337631887456037,5651.669998168945,89.00817712054862
2026-03-01,2,1706,87,0.050996483001172335,7483.240020513535,93.39460151709817
2026-03-01,3,1706,63,0.0369284876905041,4568.4599804878235,96.07247958303476
2026-03-01,4,1706,72,0.04220398593200469,6015.310027122498,99.59845263527538
2026-03-01,5,1706,58,0.03399765533411489,6397.900018692017,103.34868711282053
2026-04-01,0,1645,1645,1.0,150308.32020771503,91.37283903204562
2026-04-01,1,1645,82,0.04984802431610942,7715.439990997314,96.06307610863972
2026-04-01,2,1645,68,0.04133738601823708,5787.150017738342,99.58110043553233
2026-04-01,3,1645,73,0.04437689969604863,7422.080021381378,104.09300318409244
2026-04-01,4,1645,94,0.05714285714285714,10381.380049705505,110.40387251522041
2026-05-01,0,1947,1947,1.0,178453.99000430107,91.65587570842376
2026-05-01,1,1947,106,0.054442732408834106,10551.210022687912,97.07508989573137
2026-05-01,2,1947,121,0.062146892655367235,14011.110002279282,104.27134567502222
2026-05-01,3,1947,96,0.04930662557781202,10461.860006809235,109.64466873963919
2026-06-01,0,1913,1913,1.0,180389.91020560265,94.2968688999491
2026-06-01,1,1913,115,0.06011500261369577,9276.140003919601,99.1458704702155
2026-06-01,2,1913,159,0.08311552535284893,15081.750063419342,107.02969172657689
2026-07-01,0,2112,2112,1.0,199921.46018242836,94.65978228334676
2026-07-01,1,2112,188,0.08901515151515152,19451.60003733635,103.86982017981283
2026-08-01,0,2455,2455,1.0,225191.24030137062,91.72759279078232
